,Rating,Company Name,Job Location,Company_Size,Sector,Avg Salary(K),Lower Salary,Upper Salary,Age,Python,spark,aws,excel,sql,sas,keras,pytorch,scikit,tensor,hadoop,tableau,bi,flink,mongo,google_an,seniority_by_title,Degree
0,3.8,"Tecolote Research
3.8",NM,Medium,Aerospace & Defense,72.0,53,91,48.0,1,0,0,1,0,1,0,0,0,0,0,1,1,0,0,0,jr,Master
1,3.4,"University of Maryland Medical System
3.4",MD,Large,Health Care,87.5,63,112,37.0,1,0,0,0,0,0,0,0,0,0,0,0,0,0,0,0,sr,Master
2,4.8,"KnowBe4
4.8",FL,Medium,Business Services,85.0,80,90,11.0,1,1,0,1,1,1,0,0,0,0,0,0,0,0,0,0,sr,Master
3,3.8,"PNNL
3.8",WA,Medium,"Oil, Gas, Energy & Utilities",76.5,56,97,56.0,1,0,0,0,0,0,0,0,0,0,0,0,0,0,0,0,jr,Master
4,2.9,"Affinity Solutions
2.9",NY,Small,Business Services,114.5,86,143,23.0,1,0,0,1,1,1,0,0,0,0,0,0,0,0,0,0,jr,PhD
5,3.4,"CyrusOne
3.4",TX,Large,Real Estate,95.0,71,119,21.0,1,0,1,1,1,0,0,0,0,0,0,0,1,0,1,0,sr,Master
6,4.1,"ClearOne Advantage
4.1",MD,Medium,Finance,73.5,54,93,13.0,0,0,0,1,0,0,0,0,0,0,0,0,0,0,0,0,jr,Master
7,3.8,"Logic20/20
3.8",CA,Small,Business Services,114.0,86,142,16.0,1,1,1,1,1,0,0,1,0,1,0,0,0,0,0,0,jr,PhD
8,3.3,"Rochester Regional Health
3.3",NY,Medium,Health Care,61.0,38,84,7.0,0,0,0,0,0,0,0,0,0,0,0,0,0,0,0,0,jr,Master
9,4.6,"<intent>
4.6",NY,Medium,Information Technology,140.0,120,160,12.0,1,1,0,0,0,0,0,0,0,0,0,0,0,0,0,0,sr,PhD
10,3.5,"Wish
3.5",CA,Large,Retail,163.5,126,201,10.0,1,0,0,0,0,0,0,0,0,0,0,0,0,0,0,0,sr,PhD
11,4.1,"ManTech
4.1",VA,Large,Business Services,85.0,64,106,53.0,0,0,0,0,1,0,0,0,0,0,1,0,0,0,0,0,sr,Master
12,3.2,"Walmart
3.2",TX,Large,Retail,139.0,106,172,59.0,0,0,0,0,1,0,0,0,0,0,1,0,0,0,0,0,sr,PhD
13,4.1,"Yesler
4.1",WA,Small,Business Services,65.5,46,85,9.0,1,1,1,1,1,0,0,0,0,0,0,1,1,0,0,0,jr,Master
14,3.7,"Takeda Pharmaceuticals
3.7",MA,Large,Biotech & Pharmaceuticals,113.5,83,144,240.0,1,1,0,0,1,0,0,0,0,1,0,0,0,0,0,0,jr,PhD
15,3.6,"Audible
3.6",NJ,Medium,Media,146.0,102,190,26.0,0,0,0,1,0,0,0,0,0,0,0,0,0,0,0,0,sr,PhD
16,3.9,"Blueprint Medicines
3.9",MA,Small,Biotech & Pharmaceuticals,102.0,67,137,10.0,0,0,0,1,0,0,0,0,0,0,0,0,0,0,0,0,jr,PhD
17,4.3,"h2o.ai
4.3",CA,Small,Information Technology,153.5,118,189,10.0,1,1,1,1,0,0,0,0,0,0,1,0,0,0,0,0,sr,PhD
18,4.2,"Nuna
4.2",CA,Small,Information Technology,142.5,110,175,11.0,0,0,0,0,1,0,0,0,0,0,0,0,0,0,0,0,sr,PhD
19,4.0,"Pinnacol Assurance
4.0",CO,Medium,Insurance,87.5,64,111,106.0,1,0,0,1,1,0,1,1,1,1,0,0,0,0,0,0,sr,Master
20,3.2,"Porch
3.2",WA,Small,Information Technology,105.5,81,130,9.0,1,1,0,0,1,0,0,0,0,0,0,0,0,0,0,0,jr,PhD
21,3.9,"Health IQ
3.9",TX,Small,Insurance,96.0,73,119,8.0,0,0,0,1,0,0,0,0,0,0,0,0,0,0,0,0,sr,Master
22,3.8,"Truckstop.com
3.8",IL,Medium,Transportation & Logistics,112.5,86,139,26.0,1,0,1,1,1,0,0,0,0,0,0,0,0,0,1,0,jr,PhD
23,4.3,"SMC 3
4.3",KY,Small,Transportation & Logistics,84.0,63,105,86.0,1,0,0,1,1,0,0,0,0,0,0,1,0,0,0,0,sr,Master
24,4.0,"Novetta
4.0",VA,Medium,Information Technology,143.0,109,177,9.0,1,0,1,0,0,0,1,0,0,1,0,0,0,0,0,0,sr,PhD
25,4.0,"Pfizer
4.0",MA,Large,Biotech & Pharmaceuticals,86.5,63,110,172.0,1,0,1,1,0,0,0,0,0,0,0,0,0,0,0,0,sr,Master
26,3.5,"First Tech Federal Credit Union
3.5",OR,Medium,Finance,99.5,75,124,69.0,1,1,1,1,1,0,1,0,1,1,0,1,0,0,0,0,sr,Master
27,3.7,"The Hanover Insurance Group
3.7",MA,Large,Insurance,47.5,34,61,169.0,0,0,0,1,0,0,0,0,0,0,0,0,0,0,0,0,jr,Master
28,4.0,"Pfizer
4.0",CT,Large,Biotech & Pharmaceuticals,84.0,63,105,172.0,0,0,1,1,0,0,0,0,0,0,0,0,0,0,0,0,sr,Master
29,4.8,"KnowBe4
4.8",FL,Medium,Business Services,85.0,80,90,11.0,1,1,0,1,1,1,0,0,0,0,0,0,0,0,0,0,sr,Master
30,3.8,"PNNL
3.8",WA,Medium,"Oil, Gas, Energy & Utilities",76.5,56,97,56.0,1,0,0,0,0,0,0,0,0,0,0,0,0,0,0,0,jr,Master
31,3.6,"Amrock
3.6",MI,Medium,Real Estate,96.0,72,120,24.0,1,0,0,0,1,1,0,0,0,0,0,0,0,0,0,0,sr,Master
32,3.8,"Novartis
3.8",MA,Large,Biotech & Pharmaceuticals,114.5,86,143,25.0,1,0,0,0,0,0,0,1,1,0,0,0,0,0,0,0,jr,PhD
33,3.8,"Juniper Networks
3.8",CA,Large,Telecommunications,121.0,93,149,25.0,1,1,0,1,1,0,1,0,1,1,0,0,0,0,1,0,sr,PhD
34,4.7,"New England Biolabs
4.7",MA,Small,Biotech & Pharmaceuticals,112.5,85,140,47.0,1,0,0,1,0,0,0,0,0,0,0,0,0,0,0,0,jr,PhD
35,4.2,"Clarity Insights
4.2",CA,Small,Information Technology,106.0,77,135,13.0,1,0,0,1,1,0,0,0,0,0,0,1,1,0,0,0,jr,PhD
36,3.5,"Esri
3.5",CA,Large,Information Technology,107.0,82,132,52.0,1,1,1,0,0,0,0,0,0,0,1,1,0,0,1,0,jr,PhD
37,4.7,"Systems & Technology Research
4.7",MA,Medium,Aerospace & Defense,110.0,83,137,11.0,1,1,0,1,1,0,0,1,1,1,1,0,0,0,0,0,jr,PhD
38,3.5,"Sartorius
3.5",CA,Large,Biotech & Pharmaceuticals,147.5,115,180,151.0,1,0,0,1,0,0,0,0,0,0,0,0,0,0,0,0,sr,PhD
39,3.5,"Lancer Insurance
3.5",NY,Medium,Insurance,106.0,74,138,36.0,1,0,0,1,1,0,0,0,0,0,0,0,0,0,0,0,jr,PhD
40,4.2,"Sauce Labs
4.2",CA,Medium,Information Technology,88.0,64,112,13.0,1,0,1,1,1,0,0,0,0,0,0,1,0,0,1,0,sr,Master
42,4.2,"Nuna
4.2",CA,Small,Information Technology,142.5,110,175,11.0,0,0,0,0,0,0,0,0,0,0,0,0,0,0,0,0,sr,PhD
43,3.4,"Edgewell Personal Care
3.4",NJ,Large,Manufacturing,82.5,52,113,6.0,0,0,1,0,0,0,0,0,0,0,0,0,0,0,0,0,sr,Master
44,4.3,"Equity Residential
4.3",IL,Large,Real Estate,130.0,110,150,28.0,1,1,0,1,1,0,0,0,1,0,1,1,1,0,0,0,sr,PhD
46,3.7,"Visa Inc.
3.7",WA,Large,Information Technology,184.5,158,211,63.0,1,0,0,1,1,1,0,0,0,0,0,1,0,0,0,0,sr,PhD
47,3.1,"Intrado
3.1",CO,Large,Information Technology,29.5,20,39,35.0,0,0,0,1,0,0,0,0,0,0,0,0,0,0,0,0,jr,Master
48,4.7,"Centauri
4.7",OH,Medium,Aerospace & Defense,86.5,56,117,22.0,0,0,0,0,0,0,0,0,0,0,0,0,0,0,0,0,sr,Master
49,3.7,"Caterpillar
3.7",IL,Large,Manufacturing,81.0,63,99,96.0,0,0,0,0,0,0,0,0,0,0,0,1,0,0,0,0,sr,Master
50,3.8,"Zimmerman Advertising
3.8",FL,Medium,Business Services,91.0,68,114,37.0,1,0,0,1,1,0,0,0,0,0,1,1,0,0,0,0,sr,Master
51,3.3,"Liberty Mutual Insurance
3.3",MA,Large,Insurance,114.5,86,143,109.0,1,0,0,0,0,0,0,0,0,0,0,0,0,0,0,0,jr,PhD
52,4.6,"Torch Technologies, Inc.
4.6",AL,Medium,Aerospace & Defense,68.0,41,95,19.0,1,0,0,1,0,0,0,0,0,0,0,1,0,0,0,0,jr,Master
53,3.7,"Swiss Re
3.7",NY,Large,Insurance,115.0,86,144,158.0,1,0,0,1,1,0,0,0,0,0,0,0,0,0,0,0,jr,PhD
54,3.7,"Northrop Grumman
3.7",CA,Large,Aerospace & Defense,109.5,80,139,82.0,0,0,0,1,1,0,0,0,0,0,0,1,0,0,0,0,jr,PhD
55,3.5,"Sartorius
3.5",NM,Large,Biotech & Pharmaceuticals,75.5,56,95,151.0,1,0,0,1,0,0,0,0,0,0,0,0,0,0,0,0,jr,Master
56,4.1,"Netskope
4.1",CA,Medium,Information Technology,154.5,120,189,9.0,1,1,0,1,0,0,0,0,0,1,0,0,0,1,0,0,sr,PhD
57,4.7,"1904labs
4.7",MO,Small,Information Technology,143.5,111,176,5.0,1,1,0,0,1,0,1,0,1,1,0,0,0,0,0,0,sr,PhD
58,4.1,"ClearOne Advantage
4.1",MD,Medium,Finance,73.5,54,93,13.0,0,0,0,1,0,0,0,0,0,0,0,0,0,0,0,0,jr,Master
59,3.4,"CyrusOne
3.4",TX,Large,Real Estate,95.0,71,119,21.0,1,0,1,1,1,0,0,0,0,0,0,0,1,0,1,0,sr,Master
60,4.4,"The David J. Joseph Company
4.4",OH,Small,Mining & Metals,107.0,82,132,136.0,1,0,1,0,1,0,0,0,0,0,0,1,1,0,0,0,jr,PhD
61,4.3,"USEReady
4.3",NY,Small,Business Services,115.0,84,146,10.0,1,1,1,0,1,0,0,0,0,0,1,1,0,0,0,0,jr,PhD
62,3.8,"Bill.com
3.8",CA,Medium,Finance,139.5,107,172,15.0,0,0,0,0,1,1,0,0,0,0,0,0,0,0,0,0,sr,PhD
63,3.8,"Pacific Northwest National Laboratory
3.8",WA,Medium,"Oil, Gas, Energy & Utilities",67.0,49,85,56.0,0,0,0,0,0,0,0,1,0,1,0,0,0,0,0,0,jr,Master
64,3.8,"DICK'S Sporting Goods - Corporate
3.8",PA,Large,Retail,85.0,61,109,73.0,1,0,0,0,1,0,0,1,0,1,0,0,0,0,0,0,sr,Master
65,2.8,"Berg Health
2.8",MA,Small,Biotech & Pharmaceuticals,118.0,88,148,15.0,1,0,0,1,1,0,0,0,0,0,0,0,0,0,0,0,jr,PhD
66,4.7,"Oversight Systems
4.7",GA,Small,Information Technology,79.5,60,99,18.0,1,0,0,1,1,0,1,1,1,0,0,0,0,0,0,0,jr,Master
67,3.1,"C Space
3.1",MA,Medium,Business Services,56.5,41,72,22.0,1,0,0,0,1,0,0,0,0,0,0,1,0,0,0,0,jr,Master
68,3.2,"Numeric, LLC
3.2",PA,Small,Business Services,128.5,96,161,29.0,1,1,1,0,1,0,0,0,0,0,1,0,0,0,0,0,sr,PhD
69,4.0,"HP Inc.
4.0",WA,Large,Information Technology,97.5,65,130,82.0,0,0,0,0,0,0,0,0,0,0,0,0,0,0,0,0,sr,Master
70,4.4,"SpringML
4.4",IN,Small,Information Technology,66.5,52,81,6.0,1,0,0,0,0,0,0,0,0,0,0,1,0,0,0,0,jr,Master
71,3.6,"Grainger
3.6",IL,Large,Business Services,179.5,139,220,94.0,1,0,0,1,1,1,0,0,0,0,0,0,0,0,0,0,sr,PhD
72,2.7,"EAG Laboratories
2.7",MO,Medium,Business Services,76.0,50,102,43.0,0,0,0,1,0,0,0,0,0,0,0,0,0,0,0,0,jr,Master
73,3.9,"The Buffalo Group
3.9",VA,Medium,Information Technology,112.0,85,139,11.0,1,1,0,0,1,0,0,0,0,0,1,0,0,0,0,0,jr,PhD
74,3.1,"Carmeuse
3.1",PA,Large,Mining & Metals,98.0,74,122,161.0,1,0,0,0,0,0,0,0,0,1,0,0,0,0,0,0,sr,Master
75,4.0,"HP Inc.
4.0",WA,Large,Information Technology,128.0,99,157,82.0,0,1,1,0,1,0,0,0,1,1,0,0,0,0,0,0,sr,PhD
76,4.3,"h2o.ai
4.3",CA,Small,Information Technology,150.5,79,222,10.0,1,1,1,1,0,0,1,0,1,1,1,0,0,0,0,0,sr,PhD
77,1.9,"GNS Healthcare
1.9",MA,Small,Biotech & Pharmaceuticals,87.5,57,118,21.0,0,0,1,0,0,0,0,0,0,0,0,0,0,0,0,0,sr,Master
78,3.3,"Peraton
3.3",VA,Large,Aerospace & Defense,110.0,83,137,4.0,1,0,0,1,0,0,0,0,1,0,1,0,0,0,0,0,jr,PhD
79,4.4,"Pactera
4.4",CA,Medium,Information Technology,113.5,86,141,26.0,1,0,0,1,0,0,0,0,0,0,0,0,0,0,0,0,jr,PhD
80,3.9,"Nurx
3.9",CA,Small,Health Care,124.0,94,154,5.0,1,0,0,0,1,0,0,0,0,0,0,0,0,0,0,0,sr,PhD
81,4.7,"webfx.com
4.7",PA,Small,Business Services,56.5,37,76,24.0,0,0,0,1,0,0,0,0,0,0,0,0,0,0,0,1,jr,Master
82,4.5,"Johns Hopkins University Applied Physics Laboratory
4.5",MD,Large,Aerospace & Defense,130.0,100,160,79.0,1,0,0,1,0,0,0,0,0,0,0,0,0,0,0,0,sr,PhD
83,4.3,"Productive Edge
4.3",IL,Small,Information Technology,77.5,55,100,13.0,0,0,0,1,1,0,0,0,0,0,0,0,0,0,0,0,jr,Master
84,4.0,"Excella Consulting
4.0",VA,Medium,Business Services,87.0,60,114,19.0,1,0,1,1,1,0,0,0,0,0,0,0,0,0,0,0,sr,Master
85,4.4,"Gensco
4.4",WA,Medium,Business Services,53.5,39,68,73.0,0,0,0,1,0,0,0,0,0,0,0,0,0,0,0,0,jr,Master
86,3.2,"Walmart
3.2",TX,Large,Retail,139.0,106,172,59.0,0,0,0,0,1,0,0,0,0,0,1,0,0,0,0,0,sr,PhD
87,3.8,"Logic20/20
3.8",CA,Small,Business Services,114.0,86,142,16.0,1,1,1,1,1,0,0,1,0,1,0,0,0,0,0,0,jr,PhD
88,4.2,"goTRG
4.2",FL,Medium,Information Technology,85.5,64,107,13.0,1,1,0,1,1,0,0,0,0,0,1,0,0,0,0,0,sr,Master
89,4.5,"NMR Consulting
4.5",AL,Small,Information Technology,48.0,31,65,25.0,0,0,0,1,1,0,0,0,0,0,1,0,0,0,0,0,jr,Master
90,3.5,"iSeatz
3.5",LA,Small,Information Technology,48.0,34,62,22.0,0,0,0,1,1,0,0,0,0,0,0,0,0,0,0,0,jr,Master
91,3.5,"Nektar Therapeutics
3.5",CA,Medium,Biotech & Pharmaceuticals,174.0,117,231,31.0,0,0,0,1,0,0,0,0,0,0,0,0,0,0,0,0,sr,PhD
92,3.9,"TransUnion
3.9",GA,Large,Finance,85.0,64,106,53.0,1,1,0,0,1,1,0,0,0,0,0,0,0,0,0,0,sr,Master
93,4.7,"IT Concepts
4.7",MD,Small,Information Technology,106.5,79,134,18.0,0,0,0,0,0,0,0,0,0,0,0,0,0,0,0,0,jr,PhD
94,4.2,"Scientific Research Corporation
4.2",MD,Medium,Information Technology,72.5,52,93,33.0,0,0,0,1,0,0,0,0,0,0,0,0,0,0,0,0,jr,Master
95,3.4,"General Dynamics Information Technology
3.4",MD,Large,Information Technology,85.5,55,116,25.0,0,0,0,0,0,0,0,0,0,0,0,0,0,0,0,0,sr,Master
96,3.2,"MITRE
3.2",VA,Large,Government,97.5,72,123,63.0,1,0,0,1,1,1,0,0,0,0,0,1,1,0,1,0,sr,Master
97,3.9,"The Buffalo Group
3.9",VA,Medium,Information Technology,99.0,74,124,11.0,1,0,0,1,0,0,0,0,0,0,0,1,0,0,0,0,sr,Master
98,3.1,"DentaQuest
3.1",WI,Large,Insurance,56.5,40,73,20.0,0,0,0,1,1,0,0,0,0,0,0,0,0,0,0,0,jr,Master
99,4.1,"Redjack
4.1",MD,Small,Information Technology,133.0,102,164,14.0,1,0,0,0,0,0,0,0,0,0,0,0,0,0,0,0,sr,PhD
100,3.8,"7Park Data
3.8",NY,Small,Business Services,121.0,89,153,9.0,1,1,0,0,0,0,1,1,1,1,0,0,0,0,0,0,sr,PhD
101,4.7,"Rapid Response Monitoring
4.7",NY,Medium,Business Services,85.5,61,110,29.0,1,0,0,0,1,0,0,0,0,0,0,0,0,0,0,0,sr,Master
102,4.3,"Trilogy Ed
4.3",TX,Medium,Education,87.5,65,110,6.0,1,0,0,0,1,0,0,0,0,1,0,0,0,0,0,0,sr,Master
103,4.2,"Gallup
4.2",DC,Medium,Business Services,237.5,200,275,86.0,1,0,0,1,0,0,0,0,0,0,0,0,0,0,0,0,sr,PhD
104,3.9,"CapTech
3.9",NC,Medium,Information Technology,95.5,68,123,24.0,1,1,0,0,1,0,0,0,0,0,0,1,0,0,0,0,sr,Master
105,3.3,"American Axle & Manufacturing
3.3",MI,Large,Manufacturing,104.5,80,129,27.0,1,1,1,1,1,0,0,0,0,0,0,0,1,0,0,0,jr,PhD
106,4.7,"CentralReach
4.7",NJ,Small,Information Technology,56.5,41,72,9.0,0,0,0,1,1,0,0,0,0,0,0,1,0,0,0,0,jr,Master
107,4.3,"Integrate
4.3",AZ,Small,Information Technology,55.0,39,71,11.0,0,0,0,1,1,0,0,0,0,0,0,0,1,0,0,0,jr,Master
108,2.9,"Boys Town Hospital
2.9",NE,Medium,Health Care,61.5,38,85,44.0,0,0,0,1,0,0,0,0,0,0,0,0,0,0,0,0,jr,Master
109,4.5,"Demandbase
4.5",CA,Medium,Information Technology,157.0,121,193,15.0,0,1,1,0,0,0,0,0,0,0,0,0,0,0,0,0,sr,PhD
110,3.4,"Sapphire Digital
3.4",NJ,Small,Information Technology,78.0,54,102,2.0,1,0,0,0,1,0,0,0,0,0,0,0,0,0,0,0,jr,Master
111,3.7,"Takeda Pharmaceuticals
3.7",MA,Large,Biotech & Pharmaceuticals,113.5,83,144,240.0,1,1,0,0,1,0,0,0,0,1,0,0,0,0,0,0,jr,PhD
112,4.6,"<intent>
4.6",NY,Medium,Information Technology,140.0,120,160,12.0,1,1,0,0,0,0,0,0,0,0,0,0,0,0,0,0,sr,PhD
113,3.2,"Formation
3.2",CA,Small,Information Technology,132.5,102,163,6.0,0,1,0,1,0,0,0,0,0,1,0,0,0,0,0,0,sr,PhD
114,4.0,"Autodesk
4.0",CA,Large,Information Technology,108.0,76,140,39.0,1,1,0,0,1,0,0,0,0,0,1,0,0,0,0,0,jr,PhD
115,4.6,"Beck's Hybrids
4.6",IN,Medium,Agriculture & Forestry,80.5,60,101,84.0,0,0,0,0,0,0,0,0,0,0,0,0,0,0,0,0,sr,Master
116,2.8,"DrFirst
2.8",MD,Small,Health Care,107.5,82,133,21.0,1,0,0,0,0,0,0,0,0,0,0,0,0,0,0,0,jr,PhD
117,4.7,"Object Partners
4.7",MN,Small,Business Services,95.0,65,125,25.0,0,1,1,0,1,0,0,0,0,0,1,0,0,1,0,0,sr,Master
118,3.0,"L.A. Care Health Plan
3.0",CA,Medium,Health Care,119.5,91,148,24.0,1,1,0,0,1,1,0,0,0,0,0,1,0,0,0,0,jr,PhD
119,3.2,"Red Ventures
3.2",NC,Large,Business Services,134.0,95,173,21.0,0,1,1,0,1,0,0,0,0,0,0,0,0,0,0,0,sr,PhD
120,4.4,"Quick Base
4.4",MA,Small,Information Technology,100.5,77,124,22.0,1,0,0,1,1,0,0,0,1,0,0,1,1,0,0,0,jr,PhD
121,3.5,"The E.W. Scripps Company
3.5",OH,Medium,Media,107.5,80,135,143.0,1,0,0,0,1,0,0,0,0,0,0,1,0,0,0,0,jr,PhD
122,4.0,"Upside Business Travel
4.0",DC,Small,Information Technology,122.0,85,159,6.0,1,1,1,0,1,0,0,0,0,0,0,0,0,0,0,0,sr,PhD
123,4.3,"Equity Residential
4.3",IL,Large,Real Estate,92.5,80,105,28.0,1,1,0,1,1,0,0,0,0,0,1,0,0,0,1,0,sr,Master
124,2.3,"Synagro
2.3",MD,Medium,Business Services,62.0,43,81,35.0,0,0,0,1,1,0,0,0,0,0,0,0,0,0,0,0,jr,Master
125,4.0,"Alliance Source Testing
4.0",AL,Small,Business Services,39.5,29,50,21.0,0,0,0,0,0,0,0,0,0,0,0,0,0,0,0,0,jr,Master
126,3.6,"Accuride International
3.6",CA,Medium,Manufacturing,107.5,82,133,55.0,0,0,0,1,0,0,0,0,0,0,0,1,0,0,0,1,jr,PhD
127,3.8,"Full Potential Solutions
3.8",MO,Medium,Business Services,40.5,26,55,4.0,1,0,1,1,1,0,0,0,0,0,0,1,0,0,0,0,jr,Master
128,3.7,"Visa Inc.
3.7",VA,Large,Information Technology,89.5,61,118,63.0,1,1,0,0,1,0,0,0,0,0,1,1,0,0,0,0,sr,Master
129,4.4,"Maven Wave Partners
4.4",IL,Medium,Business Services,81.0,60,102,13.0,1,0,1,1,1,0,0,0,0,0,1,1,0,0,0,0,sr,Master
130,4.0,"Novetta
4.0",VA,Medium,Information Technology,147.0,112,182,9.0,1,0,1,0,0,0,1,0,0,1,0,0,0,0,0,0,sr,PhD
131,3.2,"First Command Financial Services, Inc.
3.2",TX,Medium,Finance,85.0,64,106,63.0,1,0,0,1,1,1,0,0,0,0,0,1,1,0,0,0,sr,Master
132,2.9,"Pharmavite
2.9",CA,Large,Manufacturing,81.5,51,112,50.0,0,0,0,1,0,0,0,0,0,0,0,0,0,0,0,0,sr,Master
133,3.8,"BioMarin Pharmaceutical
3.8",CA,Medium,Biotech & Pharmaceuticals,168.0,113,223,24.0,0,0,0,1,0,0,0,0,0,0,0,0,0,0,0,0,sr,PhD
134,4.3,"Stratagem Group
4.3",CO,Small,Aerospace & Defense,100.5,72,129,14.0,1,1,1,1,1,0,0,0,0,1,1,0,0,0,0,0,jr,PhD
135,3.4,"PA Consulting
3.4",NY,Medium,Business Services,97.0,71,123,78.0,1,1,0,1,1,0,0,0,0,0,1,1,0,0,1,0,sr,Master
136,4.1,"ManTech
4.1",VA,Large,Business Services,85.0,64,106,53.0,0,0,0,0,1,0,0,0,0,0,1,0,0,0,0,0,sr,Master
137,4.3,"h2o.ai
4.3",CA,Small,Information Technology,153.5,118,189,10.0,1,1,1,1,0,0,0,0,0,0,1,0,0,0,0,0,sr,PhD
138,5.0,"Gridiron IT
5.0",FL,Small,Information Technology,132.5,120,145,4.0,0,0,0,0,0,0,0,0,0,0,0,0,0,0,0,0,sr,PhD
139,4.3,"Productive Edge
4.3",IL,Small,Information Technology,100.0,80,120,13.0,0,1,0,1,1,0,0,0,0,0,0,0,0,0,0,0,jr,PhD
140,3.7,"Evolve Vacation Rental
3.7",CO,Small,Travel & Tourism,105.0,80,130,10.0,1,0,0,0,1,0,0,0,0,0,0,0,0,0,0,0,jr,PhD
141,4.2,"The Church of Jesus Christ of Latter-day Saints
4.2",UT,Large,Non-Profit,87.0,59,115,29.0,0,0,1,1,0,0,0,0,0,0,0,0,0,0,0,0,sr,Master
142,4.3,"Maximus Real Estate Partners
4.3",CA,Small,Real Estate,103.5,71,136,8.0,0,0,0,1,1,0,0,0,0,0,0,0,0,0,0,0,jr,PhD
143,2.6,"Software Engineering Institute
2.6",PA,Medium,Education,124.0,81,167,37.0,1,0,0,1,0,0,0,0,0,0,0,0,0,0,0,0,sr,PhD
144,3.8,"PNNL
3.8",WA,Medium,"Oil, Gas, Energy & Utilities",67.0,49,85,56.0,1,0,0,0,0,0,0,0,0,0,0,0,0,0,0,0,jr,Master
145,3.9,"AVANADE
3.9",DC,Large,Information Technology,87.0,60,114,21.0,0,0,0,0,0,0,0,0,0,0,0,0,0,0,0,0,sr,Master
146,4.3,"h2o.ai
4.3",IL,Small,Information Technology,137.5,71,204,10.0,1,1,1,1,0,0,1,0,1,1,1,0,0,0,0,0,sr,PhD
147,3.8,"PatientPoint
3.8",OH,Medium,Business Services,100.0,75,125,34.0,1,0,0,1,1,0,0,0,1,0,0,0,1,0,0,0,jr,PhD
148,3.8,"BlueCross BlueShield of Tennessee
3.8",TN,Large,Insurance,106.5,77,136,76.0,0,0,0,1,1,1,0,0,0,0,0,1,0,0,1,0,jr,PhD
149,3.8,"PNNL
3.8",WA,Medium,"Oil, Gas, Energy & Utilities",98.5,74,123,56.0,0,0,0,0,0,0,0,0,0,0,0,0,0,0,0,0,sr,Master
150,4.8,"KnowBe4
4.8",FL,Medium,Business Services,61.0,44,78,11.0,1,0,0,1,1,0,0,0,0,0,0,0,0,0,0,0,jr,Master
151,4.4,"KSM Consulting
4.4",IN,Small,Business Services,106.5,65,148,13.0,1,1,1,0,1,0,0,0,0,0,0,0,0,0,1,0,jr,PhD
152,3.9,"Cogo Labs
3.9",MA,Small,Information Technology,84.5,59,110,16.0,1,1,0,0,1,0,0,0,0,0,0,0,0,0,0,0,sr,Master
153,3.4,"Church & Dwight
3.4",NJ,Large,Manufacturing,109.5,85,134,175.0,1,0,0,1,0,0,0,0,0,0,0,1,1,0,0,0,jr,PhD
154,3.6,"MassMutual
3.6",MA,Large,Insurance,164.0,124,204,170.0,1,1,1,0,1,0,0,0,1,0,1,0,0,0,0,0,sr,PhD
155,3.9,"Genentech
3.9",CA,Large,Biotech & Pharmaceuticals,169.0,131,207,45.0,1,1,0,1,1,0,0,0,0,0,1,0,0,0,0,0,sr,PhD
156,3.8,"Juniper Networks
3.8",CA,Large,Telecommunications,142.0,110,174,25.0,1,1,1,1,0,0,0,0,1,1,0,0,0,1,0,0,sr,PhD
157,3.7,"Takeda Pharmaceuticals
3.7",MA,Large,Biotech & Pharmaceuticals,76.5,52,101,240.0,0,0,0,1,0,0,0,0,0,0,0,0,0,0,0,0,jr,Master
158,3.8,"Legal & General America
3.8",MD,Medium,Insurance,107.0,81,133,40.0,1,0,0,1,1,0,0,0,0,0,0,1,0,0,0,0,jr,PhD
159,3.5,"Western Digital
3.5",CA,Large,Information Technology,171.5,132,211,51.0,1,0,1,0,1,0,0,0,0,0,1,0,0,0,0,0,sr,PhD
160,3.9,"Health IQ
3.9",TX,Small,Insurance,96.0,73,119,8.0,0,0,0,1,0,0,0,0,0,0,0,0,0,0,0,0,sr,Master
161,4.2,"Nuna
4.2",CA,Small,Information Technology,142.5,110,175,11.0,0,0,0,0,1,0,0,0,0,0,0,0,0,0,0,0,sr,PhD
162,4.2,"The Church of Jesus Christ of Latter-day Saints
4.2",UT,Large,Non-Profit,107.0,74,140,29.0,0,0,0,1,0,0,0,0,0,0,0,0,0,0,0,0,jr,PhD
163,3.5,"Sunovion
3.5",MA,Large,Biotech & Pharmaceuticals,145.0,100,190,11.0,1,0,0,1,0,0,0,0,0,0,0,0,0,0,0,0,sr,PhD
164,2.9,"National Student Clearinghouse
2.9",VA,Small,Education,61.5,43,80,28.0,1,0,0,1,1,0,0,0,0,0,0,1,1,0,0,0,jr,Master
165,3.6,"Tower Health
3.6",PA,Large,Health Care,42.0,35,49,4.0,0,0,0,0,0,0,0,0,0,0,0,0,0,0,0,0,jr,Master
166,2.7,"State of Wisconsin Investment Board
2.7",WI,Medium,Finance,120.0,91,149,70.0,1,0,0,0,1,0,0,0,0,0,0,1,1,0,0,0,sr,PhD
167,4.4,"Rubius Therapeutics
4.4",MA,Medium,Biotech & Pharmaceuticals,62.0,42,82,8.0,0,0,0,0,0,0,0,0,0,0,0,0,0,0,0,0,jr,Master
168,4.0,"Autodesk
4.0",CA,Large,Information Technology,150.5,116,185,39.0,1,1,0,0,1,1,0,0,1,1,1,0,0,0,0,0,sr,PhD
169,4.3,"OneMagnify
4.3",MI,Small,Business Services,87.5,59,116,54.0,0,0,0,1,1,0,0,0,0,0,0,1,0,0,0,0,sr,Master
170,4.2,"IZEA
4.2",FL,Small,Business Services,71.5,48,95,15.0,1,1,1,1,1,0,0,0,0,0,1,0,0,0,0,0,jr,Master
171,3.6,"Vionic Group
3.6",CA,Medium,Retail,51.5,31,72,15.0,0,0,0,1,0,0,0,0,0,0,0,0,0,0,0,1,jr,Master
172,3.7,"Takeda Pharmaceuticals
3.7",CA,Large,Biotech & Pharmaceuticals,151.5,105,198,240.0,0,0,0,1,0,0,0,0,0,0,0,0,0,0,0,0,sr,PhD
173,2.8,"Dodge Data & Analytics
2.8",NJ,Small,Information Technology,77.5,55,100,7.0,1,0,0,1,1,0,0,0,0,0,0,1,0,0,0,0,jr,Master
174,3.7,"Takeda Pharmaceuticals
3.7",MA,Large,Biotech & Pharmaceuticals,140.0,98,182,240.0,0,0,0,1,0,0,0,0,0,0,0,0,0,0,0,0,sr,PhD
175,3.3,"Plymouth Rock Assurance
3.3",NJ,Small,Insurance,98.5,73,124,39.0,0,0,0,1,1,1,0,0,0,0,0,0,0,0,0,0,sr,Master
177,3.6,"Beebe Healthcare
3.6",DE,Medium,Health Care,56.5,43,70,86.0,0,0,0,0,0,0,0,0,0,0,0,0,0,0,0,0,jr,Master
178,3.7,"Takeda Pharmaceuticals
3.7",MA,Large,Biotech & Pharmaceuticals,161.5,117,206,240.0,0,0,0,0,0,0,0,0,0,0,0,0,0,0,0,0,sr,PhD
179,3.4,"Argo Group US
3.4",NY,Large,Insurance,147.0,111,183,73.0,1,1,1,0,1,0,1,1,1,1,1,0,0,0,0,0,sr,PhD
180,4.1,"Associated Electric Cooperative
4.1",MO,Large,"Oil, Gas, Energy & Utilities",61.0,44,78,60.0,0,0,0,1,1,0,0,0,0,0,0,0,0,0,0,0,jr,Master
181,2.6,"Software Engineering Institute
2.6",PA,Medium,Education,120.0,81,159,37.0,1,0,0,0,0,0,0,0,0,0,0,0,0,0,0,0,sr,PhD
182,3.2,"PennyMac
3.2",AZ,Medium,Finance,124.5,83,166,13.0,1,0,0,1,1,0,1,0,0,1,0,0,0,0,0,0,sr,PhD
183,3.9,"Zest AI
3.9",CA,Medium,Finance,148.0,114,182,12.0,1,0,0,0,0,0,0,0,0,0,0,0,0,0,0,0,sr,PhD
184,4.7,"DECISIVE ANALYTICS Corporation
4.7",AL,Small,Aerospace & Defense,59.0,42,76,25.0,1,0,0,1,0,0,0,0,0,0,0,0,0,0,0,0,jr,Master
185,3.7,"The Hanover Insurance Group
3.7",MA,Large,Insurance,146.5,114,179,169.0,1,0,0,1,1,1,0,0,0,0,0,0,0,0,0,0,sr,PhD
186,2.9,"Karyopharm Therapeutics Inc.
2.9",MA,Small,Biotech & Pharmaceuticals,91.5,60,123,29.0,0,0,0,1,0,0,0,0,0,0,0,0,0,0,0,0,sr,Master
187,3.0,"Tempus Labs
3.0",IL,Medium,Biotech & Pharmaceuticals,133.0,100,166,6.0,1,0,1,0,1,0,0,1,1,1,0,0,0,0,0,0,sr,PhD
188,4.7,"Recursion Pharmaceuticals
4.7",UT,Small,Biotech & Pharmaceuticals,140.5,108,173,8.0,1,0,1,0,0,0,1,1,1,1,0,0,0,0,0,0,sr,PhD
189,3.7,"P2 Energy Solutions
3.7",LA,Medium,Information Technology,70.5,48,93,29.0,0,0,0,1,1,0,0,0,0,0,0,0,0,0,0,0,jr,Master
190,3.3,"Rochester Regional Health
3.3",NY,Medium,Health Care,84.5,54,115,7.0,0,0,0,0,0,0,0,0,0,0,0,0,0,0,0,0,sr,Master
191,4.0,"ClearEdge
4.0",MD,Small,Information Technology,93.5,60,127,19.0,0,0,0,1,0,0,0,0,0,0,0,0,0,0,0,0,sr,Master
192,4.4,"Rubius Therapeutics
4.4",MA,Medium,Biotech & Pharmaceuticals,134.5,90,179,8.0,0,0,0,0,0,0,0,0,0,0,0,0,0,0,0,0,sr,PhD
193,3.9,"Tapjoy
3.9",CA,Small,Information Technology,181.0,138,224,14.0,1,1,0,0,1,0,0,0,1,1,0,0,0,0,0,0,sr,PhD
194,3.3,"Rochester Regional Health
3.3",NY,Medium,Health Care,84.5,54,115,7.0,0,0,0,0,0,0,0,0,0,0,0,0,0,0,0,0,sr,Master
195,4.1,"Credit Sesame
4.1",CA,Medium,Information Technology,205.0,190,220,11.0,1,1,1,0,1,0,0,0,0,0,0,0,0,0,0,0,sr,PhD
196,3.6,"San Manuel Casino
3.6",CA,Medium,"Arts, Entertainment & Recreation",48.5,35,62,35.0,0,0,0,1,1,1,0,0,0,0,0,1,0,0,0,1,jr,Master
197,4.0,"Texas Health Huguley Hospital
4.0",TX,Medium,Health Care,44.5,37,52,44.0,0,0,1,0,0,0,0,0,0,0,0,0,0,0,0,0,jr,Master
198,2.4,"Teasdale Latin Foods
2.4",IL,Medium,Manufacturing,52.5,39,66,29.0,0,0,0,0,0,0,0,0,0,0,0,0,0,0,0,0,jr,Master
199,2.6,"Software Engineering Institute
2.6",PA,Medium,Education,124.0,81,167,37.0,0,0,0,0,0,0,0,0,0,0,0,0,0,0,0,0,sr,PhD
200,3.5,"Central California Alliance for Health
3.5",CA,Medium,Health Care,64.0,42,86,25.0,0,0,0,0,1,0,0,0,0,0,0,1,0,0,0,0,jr,Master
201,3.0,"Pilot Flying J Travel Centers LLC
3.0",TN,Large,Retail,98.0,69,127,63.0,1,0,0,0,1,0,0,0,0,0,0,0,0,0,0,0,sr,Master
202,3.6,"Beebe Healthcare
3.6",DE,Medium,Health Care,56.5,43,70,86.0,0,0,0,0,0,0,0,0,0,0,0,0,0,0,0,0,jr,Master
203,3.3,"Palermo's Pizza
3.3",WI,Medium,Manufacturing,54.0,40,68,57.0,0,0,0,0,0,0,0,0,0,0,0,0,0,0,0,0,jr,Master
204,2.7,"Advanced BioScience Laboratories
2.7",MD,Small,Biotech & Pharmaceuticals,81.0,49,113,60.0,0,0,0,1,0,0,0,0,0,0,0,0,0,0,0,0,sr,Master
205,3.4,"Echo Global Logistics
3.4",IL,Large,Transportation & Logistics,107.5,75,140,16.0,0,0,0,0,1,0,0,0,0,0,0,0,0,0,0,0,jr,PhD
206,3.8,"Truckstop.com
3.8",IL,Medium,Transportation & Logistics,112.5,86,139,26.0,1,0,1,1,1,0,0,0,0,0,0,0,0,0,1,0,jr,PhD
207,3.7,"Lockheed Martin
3.7",VA,Large,Aerospace & Defense,89.0,66,112,26.0,1,1,0,1,1,0,0,0,0,0,1,1,0,0,0,0,sr,Master
208,4.8,"Acuity Insurance
4.8",WI,Large,Insurance,100.5,76,125,96.0,0,0,0,0,0,1,0,0,0,0,0,0,0,0,0,0,jr,PhD
209,3.8,"Fareportal
3.8",NY,Large,Travel & Tourism,65.0,44,86,19.0,0,0,0,1,1,0,0,0,0,0,0,1,1,0,0,0,jr,Master
210,3.4,"Veterans Affairs, Veterans Health Administration
3.4",LA,Large,Government,41.5,31,52,91.0,0,0,0,0,0,0,0,0,0,0,0,0,0,0,0,0,jr,Master
211,4.3,"Credera
4.3",TX,Small,Business Services,72.5,53,92,22.0,1,1,1,1,1,0,0,0,0,0,1,1,1,0,0,0,jr,Master
212,4.8,"KnowBe4
4.8",FL,Medium,Business Services,61.0,44,78,11.0,1,0,0,1,1,0,0,0,0,0,0,0,0,0,0,0,jr,Master
213,3.4,"Church & Dwight
3.4",NJ,Large,Manufacturing,109.5,85,134,175.0,1,0,0,1,0,0,0,0,0,0,0,1,1,0,0,0,jr,PhD
214,3.9,"Cogo Labs
3.9",MA,Small,Information Technology,84.5,59,110,16.0,1,1,0,0,1,0,0,0,0,0,0,0,0,0,0,0,sr,Master
215,3.4,"Spectrum Communications and Consulting
3.4",IL,Small,Business Services,87.5,64,111,29.0,0,0,0,0,1,1,0,0,0,0,0,0,0,0,0,0,sr,Master
216,3.1,"NCSOFT
3.1",CA,Large,Media,92.5,65,120,24.0,1,0,0,1,1,0,0,0,0,0,1,1,0,0,0,0,sr,Master
217,3.2,"MITRE
3.2",VA,Large,Government,81.5,60,103,63.0,1,1,0,0,0,0,0,0,0,0,1,0,0,0,0,0,sr,Master
218,4.3,"Dayton Freight Lines, Inc.
4.3",OH,Medium,Transportation & Logistics,79.0,53,105,40.0,0,0,0,0,1,0,0,0,0,0,0,0,0,0,0,0,jr,Master
219,3.6,"MassMutual
3.6",MA,Large,Insurance,164.0,124,204,170.0,1,1,1,0,1,0,0,0,1,0,1,0,0,0,0,0,sr,PhD
220,3.9,"Genentech
3.9",CA,Large,Biotech & Pharmaceuticals,169.0,131,207,45.0,1,1,0,1,1,0,0,0,0,0,1,0,0,0,0,0,sr,PhD
221,3.8,"Juniper Networks
3.8",CA,Large,Telecommunications,142.0,110,174,25.0,1,1,1,1,0,0,0,0,1,1,0,0,0,1,0,0,sr,PhD
222,2.8,"Community Action Partnership of San Luis Obispo
2.8",CA,Medium,Non-Profit,47.5,33,62,29.0,0,0,0,1,0,0,0,0,0,0,0,0,0,0,0,0,jr,Master
223,3.7,"Takeda Pharmaceuticals
3.7",MA,Large,Biotech & Pharmaceuticals,76.5,52,101,240.0,0,0,0,1,0,0,0,0,0,0,0,0,0,0,0,0,jr,Master
224,3.4,"TrueAccord
3.4",CA,Small,Information Technology,69.0,48,90,8.0,1,0,0,1,1,0,0,0,0,0,0,1,1,0,0,0,jr,Master
225,4.0,"DRB Systems
4.0",ID,Medium,Information Technology,49.0,34,64,37.0,1,0,0,1,1,0,0,0,0,0,0,1,0,0,0,0,jr,Master
226,3.5,"Western Digital
3.5",CA,Large,Information Technology,171.5,132,211,51.0,1,0,1,0,1,0,0,0,0,0,1,0,0,0,0,0,sr,PhD
227,3.8,"Legal & General America
3.8",MD,Medium,Insurance,107.0,81,133,40.0,1,0,0,1,1,0,0,0,0,0,0,1,0,0,0,0,jr,PhD
228,3.7,"Corcentric
3.7",NJ,Small,Information Technology,59.0,42,76,25.0,0,0,0,1,0,0,0,0,0,0,0,0,0,0,0,0,jr,Master
229,3.5,"U.Group
3.5",IN,Small,Information Technology,88.5,66,111,2.0,0,0,1,0,0,0,0,0,0,0,0,0,0,0,0,0,sr,Master
230,4.2,"The Church of Jesus Christ of Latter-day Saints
4.2",UT,Large,Non-Profit,107.0,74,140,29.0,0,0,0,1,0,0,0,0,0,0,0,0,0,0,0,0,jr,PhD
231,4.0,"Pfizer
4.0",MA,Large,Biotech & Pharmaceuticals,86.5,63,110,172.0,1,0,1,1,0,0,0,0,0,0,0,0,0,0,0,0,sr,Master
232,4.3,"SMC 3
4.3",KY,Small,Transportation & Logistics,84.0,63,105,86.0,1,0,0,1,1,0,0,0,0,0,0,1,0,0,0,0,sr,Master
233,4.7,"Systems Evolution Inc.
4.7",NY,Medium,Business Services,114.5,91,138,29.0,1,0,0,1,1,0,0,0,0,0,0,1,0,0,0,0,jr,PhD
234,3.5,"Sunovion
3.5",MA,Large,Biotech & Pharmaceuticals,145.0,100,190,11.0,1,0,0,1,0,0,0,0,0,0,0,0,0,0,0,0,sr,PhD
235,4.4,"Eventbrite
4.4",TN,Medium,Information Technology,88.0,62,114,15.0,1,1,1,1,1,0,0,0,0,0,1,0,0,0,0,0,sr,Master
236,4.1,"Centro
4.1",IL,Medium,Information Technology,100.0,71,129,20.0,1,1,1,0,1,0,0,0,0,0,1,0,0,0,0,0,jr,PhD
237,2.9,"National Student Clearinghouse
2.9",VA,Small,Education,61.5,43,80,28.0,1,0,0,1,1,0,0,0,0,0,0,1,1,0,0,0,jr,Master
238,2.5,"comScore
2.5",OR,Large,Business Services,96.5,74,119,22.0,1,1,0,0,1,0,0,0,0,0,0,0,0,0,0,0,sr,Master
239,4.2,"SullivanCotter
4.2",MN,Small,Business Services,76.0,55,97,29.0,1,0,0,1,1,0,0,0,0,0,0,0,0,0,0,0,jr,Master
240,3.9,"NPD
3.9",NY,Medium,Business Services,15.5,15,16,55.0,0,0,0,1,0,0,0,0,0,0,0,0,0,0,0,0,jr,Master
241,4.3,"Bakery Agency
4.3",TX,Small,Business Services,83.5,61,106,11.0,1,0,0,1,1,0,0,0,0,0,0,0,0,0,0,1,sr,Master
242,2.7,"State of Wisconsin Investment Board
2.7",WI,Medium,Finance,120.0,91,149,70.0,1,0,0,0,1,0,0,0,0,0,0,1,1,0,0,0,sr,PhD
243,3.9,"Genentech
3.9",CA,Large,Biotech & Pharmaceuticals,163.0,127,199,45.0,0,0,0,1,1,1,0,0,0,0,0,0,0,0,0,0,sr,PhD
244,3.4,"Blue Cross & Blue Shield of Rhode Island
3.4",RI,Medium,Insurance,100.0,74,126,82.0,0,0,1,0,1,1,0,0,0,0,0,0,0,0,0,0,jr,PhD
245,3.8,"Boys Town
3.8",NE,Medium,Non-Profit,52.5,33,72,104.0,0,0,0,1,0,0,0,0,0,0,0,0,0,0,0,0,jr,Master
246,3.6,"Tower Health
3.6",PA,Large,Health Care,42.0,35,49,4.0,0,0,0,0,0,0,0,0,0,0,0,0,0,0,0,0,jr,Master
247,3.3,"The HSC Health Care System
3.3",DC,Medium,Health Care,50.0,37,63,138.0,0,0,0,1,1,0,0,0,0,0,0,1,1,0,0,0,jr,Master
248,3.4,"Pro-Sphere Tek
3.4",TX,Medium,Business Services,93.0,67,119,15.0,1,0,1,0,1,0,0,0,0,0,1,1,1,0,0,0,sr,Master
249,3.0,"Ameritas Life Insurance Corp
3.0",OH,Large,Insurance,94.5,72,117,134.0,1,0,0,0,1,1,0,0,0,0,0,0,0,0,0,0,sr,Master
250,4.0,"Autodesk
4.0",CA,Large,Information Technology,150.5,116,185,39.0,1,1,0,0,1,1,0,0,1,1,1,0,0,0,0,0,sr,PhD
251,3.7,"Genworth
3.7",NC,Large,Insurance,102.0,78,126,17.0,1,1,1,1,1,1,0,0,1,0,1,1,0,0,0,0,jr,PhD
252,4.4,"Rubius Therapeutics
4.4",MA,Medium,Biotech & Pharmaceuticals,62.0,42,82,8.0,0,0,0,0,0,0,0,0,0,0,0,0,0,0,0,0,jr,Master
253,4.3,"OneMagnify
4.3",MI,Small,Business Services,87.5,59,116,54.0,0,0,0,1,1,0,0,0,0,0,0,1,0,0,0,0,sr,Master
254,4.0,"Pfizer
4.0",CT,Large,Biotech & Pharmaceuticals,84.0,63,105,172.0,0,0,1,1,0,0,0,0,0,0,0,0,0,0,0,0,sr,Master
255,4.0,"Novetta
4.0",VA,Medium,Information Technology,143.0,109,177,9.0,1,0,1,0,0,0,1,0,0,1,0,0,0,0,0,0,sr,PhD
256,3.2,"Numeric, LLC
3.2",PA,Small,Business Services,155.0,116,194,29.0,1,1,1,1,0,0,0,0,1,0,1,0,0,0,0,0,sr,PhD
257,4.2,"IZEA
4.2",FL,Small,Business Services,71.5,48,95,15.0,1,1,1,1,1,0,0,0,0,0,1,0,0,0,0,0,jr,Master
258,3.9,"Trace Data
3.9",CA,Small,Insurance,108.0,83,133,21.0,1,1,0,0,1,1,0,1,1,1,0,0,0,0,0,0,jr,PhD
259,3.7,"Takeda Pharmaceuticals
3.7",CA,Large,Biotech & Pharmaceuticals,151.5,105,198,240.0,0,0,0,1,0,0,0,0,0,0,0,0,0,0,0,0,sr,PhD
260,3.6,"Vionic Group
3.6",CA,Medium,Retail,51.5,31,72,15.0,0,0,0,1,0,0,0,0,0,0,0,0,0,0,0,1,jr,Master
261,3.7,"Takeda Pharmaceuticals
3.7",MA,Large,Biotech & Pharmaceuticals,140.0,98,182,240.0,0,0,0,1,0,0,0,0,0,0,0,0,0,0,0,0,sr,PhD
262,2.8,"Dodge Data & Analytics
2.8",NJ,Small,Information Technology,77.5,55,100,7.0,1,0,0,1,1,0,0,0,0,0,0,1,0,0,0,0,jr,Master
263,4.2,"Clearwater Analytics
4.2",ID,Medium,Finance,63.5,45,82,17.0,0,0,0,1,1,0,0,0,0,0,0,0,0,0,0,0,jr,Master
264,4.0,"Tekvalley, Corp.
4.0",CA,Small,Information Technology,109.0,83,135,29.0,1,0,0,0,1,0,0,0,0,0,0,1,0,0,0,0,jr,PhD
265,3.5,"BWX Technologies
3.5",TN,Medium,Aerospace & Defense,96.0,70,122,171.0,1,0,0,0,0,0,1,1,0,1,0,0,0,0,0,0,sr,Master
267,3.2,"PennyMac
3.2",CA,Medium,Finance,101.0,70,132,13.0,1,0,1,1,1,0,0,0,0,0,0,1,0,0,0,0,jr,PhD
268,3.3,"Plymouth Rock Assurance
3.3",NJ,Small,Insurance,98.5,73,124,39.0,0,0,0,1,1,1,0,0,0,0,0,0,0,0,0,0,sr,Master
269,3.9,"Vermeer
3.9",IA,Large,Manufacturing,77.5,54,101,73.0,0,0,0,1,1,0,0,0,0,0,1,0,0,0,0,0,jr,Master
270,3.7,"Takeda Pharmaceuticals
3.7",MA,Large,Biotech & Pharmaceuticals,161.5,117,206,240.0,0,0,0,0,0,0,0,0,0,0,0,0,0,0,0,0,sr,PhD
271,3.6,"Beebe Healthcare
3.6",DE,Medium,Health Care,56.5,43,70,86.0,0,0,0,0,0,0,0,0,0,0,0,0,0,0,0,0,jr,Master
272,3.4,"Argo Group US
3.4",NY,Large,Insurance,147.0,111,183,73.0,1,1,1,0,1,0,1,1,1,1,1,0,0,0,0,0,sr,PhD
273,3.5,"L&T Infotech
3.5",CA,Large,Information Technology,90.0,68,112,24.0,1,0,0,1,1,0,1,0,1,0,0,1,0,0,0,0,sr,Master
274,4.3,"OceanFirst Financial
4.3",NJ,Large,Finance,58.0,42,74,119.0,0,0,1,0,1,0,0,0,0,0,0,0,0,0,0,0,jr,Master
275,4.1,"Associated Electric Cooperative
4.1",MO,Large,"Oil, Gas, Energy & Utilities",61.0,44,78,60.0,0,0,0,1,1,0,0,0,0,0,0,0,0,0,0,0,jr,Master
276,2.6,"Software Engineering Institute
2.6",PA,Medium,Education,120.0,81,159,37.0,1,0,0,0,0,0,0,0,0,0,0,0,0,0,0,0,sr,PhD
277,3.6,"Sotheby's
3.6",NY,Medium,Retail,128.0,95,161,277.0,1,0,0,0,0,0,0,0,0,0,0,0,0,0,0,0,sr,PhD
278,3.5,"First Tech Federal Credit Union
3.5",OR,Medium,Finance,99.5,75,124,69.0,1,1,1,1,1,0,1,0,1,1,0,1,0,0,0,0,sr,Master
279,3.6,"Amrock
3.6",MI,Medium,Real Estate,96.0,72,120,24.0,1,0,0,0,1,1,0,0,0,0,0,0,0,0,0,0,sr,Master
280,2.3,"Vanda Pharmaceuticals
2.3",DC,Medium,Biotech & Pharmaceuticals,101.0,76,126,18.0,1,0,0,1,1,0,0,0,0,0,0,1,0,0,0,0,jr,PhD
281,3.9,"Zest AI
3.9",CA,Medium,Finance,148.0,114,182,12.0,1,0,0,0,0,0,0,0,0,0,0,0,0,0,0,0,sr,PhD
282,4.0,"Novetta
4.0",VA,Medium,Information Technology,142.0,108,176,9.0,1,0,1,0,1,0,0,0,0,0,0,0,0,0,1,0,sr,PhD
283,4.1,"CK-12 Foundation
4.1",CA,Small,Education,169.0,130,208,14.0,0,0,1,1,1,1,0,0,0,0,0,1,0,0,1,0,sr,PhD
284,3.2,"PennyMac
3.2",AZ,Medium,Finance,124.5,83,166,13.0,1,0,0,1,1,0,1,0,0,1,0,0,0,0,0,0,sr,PhD
285,4.7,"DECISIVE ANALYTICS Corporation
4.7",AL,Small,Aerospace & Defense,59.0,42,76,25.0,1,0,0,1,0,0,0,0,0,0,0,0,0,0,0,0,jr,Master
286,4.2,"Opinion Dynamics
4.2",CA,Small,Business Services,52.5,37,68,34.0,1,0,0,0,1,0,0,0,0,0,0,0,0,0,0,0,jr,Master
287,4.6,"Applied Information Sciences
4.6",TX,Medium,Information Technology,75.5,52,99,39.0,0,1,0,0,1,0,0,0,0,0,1,1,1,0,0,0,jr,Master
288,3.7,"Swiss Re
3.7",NY,Large,Insurance,139.0,105,173,158.0,1,0,0,1,1,0,0,0,0,0,0,0,0,0,0,0,sr,PhD
289,3.7,"Takeda Pharmaceuticals
3.7",MA,Large,Biotech & Pharmaceuticals,102.5,71,134,240.0,1,1,1,1,1,0,0,0,0,0,1,1,0,0,1,0,jr,PhD
290,4.4,"WK Dickson
4.4",SC,Small,Business Services,60.5,39,82,92.0,0,0,0,0,0,0,0,0,0,0,0,0,0,0,0,0,jr,Master
291,3.7,"The Hanover Insurance Group
3.7",MA,Large,Insurance,146.5,114,179,169.0,1,0,0,1,1,1,0,0,0,0,0,0,0,0,0,0,sr,PhD
292,3.9,"Genentech
3.9",CA,Large,Biotech & Pharmaceuticals,125.0,88,162,45.0,0,0,0,1,0,0,0,0,0,0,0,0,0,0,0,0,sr,PhD
293,3.6,"MassMutual
3.6",MA,Large,Insurance,81.0,60,102,170.0,1,0,0,0,1,0,0,0,0,0,0,1,0,0,0,0,sr,Master
294,3.0,"Tempus Labs
3.0",IL,Medium,Biotech & Pharmaceuticals,133.0,100,166,6.0,1,0,1,0,1,0,0,1,1,1,0,0,0,0,0,0,sr,PhD
295,3.4,"General Dynamics Information Technology
3.4",DC,Large,Information Technology,77.0,55,99,25.0,0,0,0,1,1,0,0,0,0,0,0,1,0,0,0,0,jr,Master
296,4.1,"ManTech
4.1",VA,Large,Business Services,92.0,67,117,53.0,0,0,0,0,1,0,0,0,0,0,1,0,0,0,0,0,sr,Master
297,3.8,"Novartis
3.8",MA,Large,Biotech & Pharmaceuticals,121.0,92,150,25.0,0,0,0,0,0,0,0,0,0,0,0,0,0,0,0,0,sr,PhD
298,4.0,"Autodesk
4.0",CA,Large,Information Technology,162.5,116,209,39.0,1,1,0,1,1,0,0,0,0,0,0,0,0,0,0,0,sr,PhD
299,3.9,"Southwest Research Institute
3.9",TX,Medium,Business Services,60.0,38,82,74.0,0,0,0,0,0,0,0,0,0,0,0,0,0,0,0,0,jr,Master
301,4.4,"SpringML
4.4",IN,Small,Information Technology,90.5,62,119,6.0,1,1,0,0,0,0,0,0,0,0,1,0,0,0,0,0,sr,Master
302,3.8,"Novartis
3.8",MA,Large,Biotech & Pharmaceuticals,114.5,86,143,25.0,1,0,0,0,0,0,0,1,1,0,0,0,0,0,0,0,jr,PhD
303,3.8,"Juniper Networks
3.8",CA,Large,Telecommunications,121.0,93,149,25.0,1,1,0,1,1,0,1,0,1,1,0,0,0,0,1,0,sr,PhD
304,2.2,"The Integer Group
2.2",TX,Medium,Business Services,110.0,84,136,28.0,0,0,0,0,0,0,0,0,0,0,0,1,0,0,0,0,jr,PhD
305,2.9,"Karyopharm Therapeutics Inc.
2.9",MA,Small,Biotech & Pharmaceuticals,91.5,60,123,29.0,0,0,0,1,0,0,0,0,0,0,0,0,0,0,0,0,sr,Master
306,4.1,"ManTech
4.1",VA,Large,Business Services,70.5,52,89,53.0,0,0,0,0,0,0,0,0,0,0,0,0,0,0,0,0,jr,Master
307,3.7,"P2 Energy Solutions
3.7",LA,Medium,Information Technology,70.5,48,93,29.0,0,0,0,1,1,0,0,0,0,0,0,0,0,0,0,0,jr,Master
308,3.8,"PNNL
3.8",WA,Medium,"Oil, Gas, Energy & Utilities",76.5,56,97,56.0,1,0,0,0,0,0,0,0,0,0,0,0,0,0,0,0,jr,Master
309,3.6,"MassMutual
3.6",MA,Large,Insurance,92.0,65,119,170.0,1,1,0,1,0,0,0,0,0,0,0,0,0,0,0,0,sr,Master
310,4.7,"Recursion Pharmaceuticals
4.7",UT,Small,Biotech & Pharmaceuticals,140.5,108,173,8.0,1,0,1,0,0,0,1,1,1,1,0,0,0,0,0,0,sr,PhD
311,3.5,"Esri
3.5",VA,Large,Information Technology,82.0,63,101,52.0,1,0,0,0,1,0,0,0,0,0,0,0,0,0,0,0,sr,Master
312,3.3,"Rochester Regional Health
3.3",NY,Medium,Health Care,84.5,54,115,7.0,0,0,0,0,0,0,0,0,0,0,0,0,0,0,0,0,sr,Master
313,4.4,"Rubius Therapeutics
4.4",MA,Medium,Biotech & Pharmaceuticals,134.5,90,179,8.0,0,0,0,0,0,0,0,0,0,0,0,0,0,0,0,0,sr,PhD
314,3.3,"Samba TV
3.3",CA,Small,Business Services,164.5,127,202,13.0,0,0,0,0,0,0,0,0,0,0,0,0,0,0,0,0,sr,PhD
315,3.4,"SV Microwave
3.4",FL,Medium,Telecommunications,44.0,31,57,30.0,0,0,0,0,0,0,0,0,0,0,0,0,0,0,0,0,jr,Master
316,4.0,"ClearEdge
4.0",MD,Small,Information Technology,93.5,60,127,19.0,0,0,0,1,0,0,0,0,0,0,0,0,0,0,0,0,sr,Master
317,4.4,"SpringML
4.4",VA,Small,Information Technology,109.0,75,143,6.0,1,1,0,0,0,0,0,0,0,0,1,0,0,0,0,0,jr,PhD
318,3.8,"Sumo Logic
3.8",TX,Medium,Information Technology,149.5,105,194,11.0,0,1,1,0,0,0,0,0,0,0,0,0,0,0,0,0,sr,PhD
319,3.5,"EAB
3.5",DC,Medium,Business Services,65.5,45,86,14.0,0,1,1,1,1,0,0,0,0,0,0,0,0,0,0,0,jr,Master
320,3.5,"Brighthouse Financial
3.5",NC,Medium,Insurance,124.5,95,154,4.0,1,1,0,1,0,0,0,0,0,0,0,0,0,0,0,0,sr,PhD
321,2.9,"Affinity Solutions
2.9",CA,Small,Business Services,114.0,80,148,23.0,1,1,0,0,1,0,0,0,0,0,0,1,0,0,0,0,jr,PhD
322,3.9,"Citadel Federal Credit Union
3.9",PA,Medium,Finance,49.0,36,62,84.0,1,0,0,0,1,0,0,0,0,0,0,1,1,0,0,0,jr,Master
323,3.3,"Rochester Regional Health
3.3",NY,Medium,Health Care,84.5,54,115,7.0,0,0,0,0,0,0,0,0,0,0,0,0,0,0,0,0,sr,Master
324,3.7,"CALIBRE Systems
3.7",VA,Medium,Information Technology,71.0,50,92,32.0,0,0,0,1,1,0,0,0,0,0,0,1,1,0,0,0,jr,Master
325,3.6,"MassMutual
3.6",MA,Large,Insurance,101.0,67,135,170.0,0,0,0,0,0,0,0,0,0,0,0,0,0,0,0,0,jr,PhD
326,3.5,"Esri
3.5",CA,Large,Information Technology,107.0,82,132,52.0,1,1,1,0,0,0,0,0,0,0,1,1,0,0,1,0,jr,PhD
327,4.7,"New England Biolabs
4.7",MA,Small,Biotech & Pharmaceuticals,112.5,85,140,47.0,1,0,0,1,0,0,0,0,0,0,0,0,0,0,0,0,jr,PhD
328,3.9,"Tapjoy
3.9",CA,Small,Information Technology,181.0,138,224,14.0,1,1,0,0,1,0,0,0,1,1,0,0,0,0,0,0,sr,PhD
329,3.7,"Motorola Solutions
3.7",IL,Large,Information Technology,61.0,42,80,93.0,1,1,0,0,1,0,0,0,0,0,1,0,0,0,0,0,jr,Master
330,4.1,"Credit Sesame
4.1",CA,Medium,Information Technology,205.0,190,220,11.0,1,1,1,0,1,0,0,0,0,0,0,0,0,0,0,0,sr,PhD
331,3.1,"Reynolds American
3.1",KY,Large,Manufacturing,103.5,68,139,146.0,0,0,0,0,0,0,0,0,0,0,0,0,0,0,0,0,jr,PhD
332,3.6,"MassMutual
3.6",MA,Large,Insurance,63.0,34,92,170.0,0,0,0,1,0,0,0,0,0,0,0,0,0,0,0,0,jr,Master
333,3.0,"Infosys
3.0",CT,Large,Information Technology,62.5,54,71,40.0,0,0,0,1,0,0,0,0,0,0,0,0,0,0,0,0,jr,Master
334,3.5,"Alignment Healthcare
3.5",CA,Medium,Health Care,94.5,65,124,8.0,1,1,1,1,1,0,0,0,0,0,1,0,0,0,0,0,sr,Master
335,3.6,"San Manuel Casino
3.6",CA,Medium,"Arts, Entertainment & Recreation",48.5,35,62,35.0,0,0,0,1,1,1,0,0,0,0,0,1,0,0,0,1,jr,Master
336,3.5,"Sunovion
3.5",MA,Large,Biotech & Pharmaceuticals,154.5,109,200,11.0,1,0,0,1,0,0,0,0,0,0,0,0,0,0,0,0,sr,PhD
337,4.0,"Texas Health Huguley Hospital
4.0",TX,Medium,Health Care,44.5,37,52,44.0,0,0,1,0,0,0,0,0,0,0,0,0,0,0,0,0,jr,Master
338,3.7,"Cboe Global Markets
3.7",KS,Medium,Finance,87.0,61,113,48.0,1,0,0,1,1,0,0,0,0,0,1,0,0,0,0,0,sr,Master
339,2.4,"Teasdale Latin Foods
2.4",IL,Medium,Manufacturing,52.5,39,66,29.0,0,0,0,0,0,0,0,0,0,0,0,0,0,0,0,0,jr,Master
340,3.2,"Guidepoint
3.2",NY,Medium,Business Services,64.5,43,86,18.0,1,0,1,1,1,0,0,0,0,0,0,0,0,0,0,0,jr,Master
341,2.1,"Cerus Corporation
2.1",CA,Small,Biotech & Pharmaceuticals,111.5,74,149,29.0,0,0,0,1,0,0,0,0,0,0,0,0,0,0,0,0,jr,PhD
342,3.7,"Takeda Pharmaceuticals
3.7",MA,Large,Biotech & Pharmaceuticals,154.5,113,196,240.0,0,1,1,1,1,0,0,0,0,0,1,0,0,0,1,0,sr,PhD
343,2.6,"Software Engineering Institute
2.6",PA,Medium,Education,124.0,81,167,37.0,0,0,0,0,0,0,0,0,0,0,0,0,0,0,0,0,sr,PhD
344,4.4,"Maven Wave Partners
4.4",IL,Medium,Business Services,128.5,97,160,13.0,1,0,1,1,1,0,0,0,0,0,1,1,0,0,0,0,sr,PhD
345,3.7,"Vail Health
3.7",CO,Medium,Health Care,65.0,49,81,55.0,0,0,0,0,0,0,0,0,0,0,0,0,0,0,0,0,jr,Master
346,3.5,"Central California Alliance for Health
3.5",CA,Medium,Health Care,64.0,42,86,25.0,0,0,0,0,1,0,0,0,0,0,0,1,0,0,0,0,jr,Master
347,3.0,"Pilot Flying J Travel Centers LLC
3.0",TN,Large,Retail,98.0,69,127,63.0,1,0,0,0,1,0,0,0,0,0,0,0,0,0,0,0,sr,Master
348,4.2,"Nuna
4.2",CA,Small,Information Technology,142.5,110,175,11.0,0,0,0,0,0,0,0,0,0,0,0,0,0,0,0,0,sr,PhD
349,3.9,"AstraZeneca
3.9",NY,Large,Biotech & Pharmaceuticals,137.0,102,172,108.0,1,0,0,0,0,0,0,0,0,0,0,0,0,0,0,0,sr,PhD
350,4.0,"Pinnacol Assurance
4.0",CO,Medium,Insurance,99.0,74,124,106.0,1,0,1,0,1,0,0,0,0,0,0,0,0,0,0,0,sr,Master
351,3.3,"Palermo's Pizza
3.3",WI,Medium,Manufacturing,54.0,40,68,57.0,0,0,0,0,0,0,0,0,0,0,0,0,0,0,0,0,jr,Master
352,4.4,"MathWorks
4.4",MA,Large,Information Technology,139.5,108,171,37.0,1,0,0,0,1,0,0,0,0,0,0,1,1,0,0,0,sr,PhD
353,3.4,"MetroStar Systems
3.4",MD,Small,Information Technology,109.0,76,142,22.0,0,0,1,0,0,0,0,0,0,0,0,0,0,0,0,0,jr,PhD
354,3.3,"Liberty Mutual Insurance
3.3",IL,Large,Insurance,254.0,202,306,109.0,1,0,0,0,0,1,0,0,0,0,0,0,0,0,0,0,sr,PhD
355,2.9,"Audentes Therapeutics
2.9",CA,Small,Biotech & Pharmaceuticals,73.0,49,97,9.0,0,0,0,0,0,0,0,0,0,0,0,0,0,0,0,0,jr,Master
356,2.7,"Advanced BioScience Laboratories
2.7",MD,Small,Biotech & Pharmaceuticals,81.0,49,113,60.0,0,0,0,1,0,0,0,0,0,0,0,0,0,0,0,0,sr,Master
357,3.6,"Beebe Healthcare
3.6",DE,Medium,Health Care,56.5,43,70,86.0,0,0,0,0,0,0,0,0,0,0,0,0,0,0,0,0,jr,Master
358,3.1,"Reynolds American
3.1",NC,Large,Manufacturing,99.5,65,134,146.0,0,0,0,1,0,0,0,0,0,0,0,0,0,0,0,0,sr,Master
359,3.3,"National Interstate
3.3",OH,Medium,Insurance,45.5,32,59,32.0,0,0,0,0,0,0,0,0,0,0,0,0,0,0,0,0,jr,Master
360,4.5,"Moser Consulting
4.5",IN,Small,Business Services,122.5,87,158,25.0,1,1,1,0,1,0,0,0,0,0,1,0,0,0,1,0,sr,PhD
361,3.9,"TransUnion
3.9",IL,Large,Finance,140.0,107,173,53.0,1,0,0,1,1,1,0,0,0,0,0,0,0,0,0,0,sr,PhD
362,3.2,"MITRE
3.2",VA,Large,Government,77.5,56,99,63.0,0,0,0,0,0,0,0,0,0,0,0,0,0,0,0,0,jr,Master
363,3.3,"Mcphail Associates
3.3",MA,Small,"Construction, Repair & Maintenance",55.0,52,58,45.0,0,0,0,1,0,0,0,0,0,0,0,0,0,0,0,0,jr,Master
364,3.1,"Reynolds American
3.1",NC,Large,Manufacturing,117.5,80,155,146.0,0,0,0,1,0,0,0,0,0,0,0,0,0,0,0,0,jr,PhD
365,2.4,"Crown Bioscience
2.4",CA,Medium,Biotech & Pharmaceuticals,70.5,43,98,15.0,0,0,0,0,0,0,0,0,0,0,0,0,0,0,0,0,jr,Master
366,4.8,"HOVER
4.8",CA,Small,Information Technology,61.5,45,78,10.0,0,0,0,1,1,0,0,0,0,0,0,1,0,0,0,0,jr,Master
367,2.9,"Q2 Solutions
2.9",NY,Medium,Biotech & Pharmaceuticals,70.0,44,96,6.0,0,0,0,1,0,0,0,0,0,0,0,0,0,0,0,0,jr,Master
368,2.9,"Q2 Solutions
2.9",GA,Medium,Biotech & Pharmaceuticals,80.0,50,110,6.0,0,0,0,1,0,0,0,0,0,0,0,0,0,0,0,0,jr,Master
369,3.4,"Arbella Insurance
3.4",MA,Medium,Insurance,90.0,61,119,33.0,0,1,0,1,1,0,0,0,0,0,1,0,0,0,0,0,sr,Master
371,2.6,"Software Engineering Institute
2.6",PA,Medium,Education,73.5,56,91,37.0,0,0,0,1,0,0,0,0,0,0,0,0,0,0,0,0,jr,Master
372,3.8,"Zimmerman Advertising
3.8",FL,Medium,Business Services,91.0,68,114,37.0,1,0,0,1,1,0,0,0,0,0,1,1,0,0,0,0,sr,Master
374,3.6,"MassMutual
3.6",MA,Large,Insurance,129.5,101,158,170.0,1,1,1,1,1,0,0,0,0,0,1,1,1,0,0,0,sr,PhD
375,4.0,"Pfizer
4.0",NY,Large,Biotech & Pharmaceuticals,167.5,125,210,172.0,0,0,1,1,0,0,0,0,0,0,0,0,0,0,0,0,sr,PhD
376,3.8,"Associated Banc-Corp
3.8",WI,Large,Finance,60.0,43,77,151.0,0,0,1,1,0,0,0,0,0,0,0,0,0,0,0,0,jr,Master
377,3.9,"Zest AI
3.9",CA,Medium,Finance,180.0,139,221,12.0,1,0,0,1,1,0,0,0,0,0,0,0,0,0,0,0,sr,PhD
378,3.8,"Fareportal
3.8",NY,Large,Travel & Tourism,65.0,44,86,19.0,0,0,0,1,1,1,0,0,0,0,0,0,0,0,0,0,jr,Master
379,4.3,"Genesys
4.3",NC,Large,Information Technology,112.5,78,147,31.0,1,1,1,0,0,0,0,0,0,0,1,0,0,1,0,0,jr,PhD
380,1.9,"Moda Operandi
1.9",NY,Medium,Retail,87.5,65,110,11.0,1,0,0,1,1,0,0,0,0,0,0,0,0,0,0,1,sr,Master
381,3.3,"Liberty Mutual Insurance
3.3",IN,Large,Insurance,51.5,37,66,109.0,1,0,0,1,1,0,0,0,0,0,0,0,1,0,0,0,jr,Master
382,4.7,"QK
4.7",CA,Small,Business Services,51.0,38,64,49.0,0,0,0,1,0,0,0,0,0,0,0,0,0,0,0,0,jr,Master
383,3.1,"Santander
3.1",MA,Large,Finance,62.5,43,82,165.0,1,0,0,1,1,1,0,0,0,0,0,0,0,0,0,0,jr,Master
384,3.4,"Tivity Health
3.4",AZ,Medium,Health Care,100.0,90,110,40.0,0,0,0,0,1,0,0,0,0,0,1,0,0,0,0,0,jr,PhD
385,4.4,"BRMi
4.4",VA,Small,Information Technology,85.0,61,109,17.0,1,1,1,0,0,0,0,0,0,0,1,0,0,0,0,0,sr,Master
386,3.9,"Luminar Technologies
3.9",FL,Small,Information Technology,122.0,93,151,9.0,1,0,1,0,0,0,0,0,0,0,0,0,0,0,0,0,sr,PhD
387,3.9,"Emtec, Inc.
3.9",IL,Medium,Information Technology,66.5,52,81,26.0,1,0,0,0,1,1,0,0,0,0,0,1,1,0,0,0,jr,Master
388,4.7,"Veterans United Home Loans
4.7",MO,Medium,Finance,70.5,40,101,19.0,0,1,0,1,1,0,0,0,0,0,1,1,0,0,1,0,jr,Master
389,4.7,"Praetorian
4.7",TX,Small,Business Services,138.5,97,180,11.0,1,1,0,0,1,0,0,0,0,1,0,0,0,0,0,0,sr,PhD
390,3.4,"PA Consulting
3.4",MA,Medium,Business Services,107.5,81,134,78.0,0,1,0,1,1,0,0,0,0,0,1,1,0,0,1,0,jr,PhD
391,3.8,"Agios Pharmaceuticals
3.8",MA,Medium,Biotech & Pharmaceuticals,120.5,84,157,13.0,0,0,0,0,0,1,0,0,0,0,0,0,0,0,0,0,sr,PhD
392,2.7,"Advanced BioScience Laboratories
2.7",MD,Small,Biotech & Pharmaceuticals,81.0,49,113,60.0,0,0,0,0,0,0,0,0,0,0,0,0,0,0,0,0,sr,Master
393,3.1,"Reynolds American
3.1",KY,Large,Manufacturing,103.5,68,139,146.0,0,0,0,0,0,0,0,0,0,0,0,0,0,0,0,0,jr,PhD
394,3.4,"Echo Global Logistics
3.4",IL,Large,Transportation & Logistics,107.5,75,140,16.0,0,0,0,0,1,0,0,0,0,0,0,0,0,0,0,0,jr,PhD
395,4.0,"Glassdoor
4.0",CA,Medium,Information Technology,162.0,121,203,14.0,1,1,1,1,0,0,0,0,0,0,1,0,0,0,0,0,sr,PhD
396,3.5,"Esri
3.5",CA,Large,Information Technology,68.5,52,85,52.0,1,1,0,1,0,0,0,1,1,1,0,0,0,0,0,0,jr,Master
397,3.4,"Assurant
3.4",OH,Large,Insurance,110.5,81,140,43.0,0,0,0,1,1,0,0,1,0,1,0,0,0,0,0,0,jr,PhD
398,3.7,"Caterpillar
3.7",IL,Large,Manufacturing,81.0,63,99,96.0,0,0,0,0,0,0,0,0,0,0,0,1,0,0,0,0,sr,Master
399,4.3,"Equity Residential
4.3",IL,Large,Real Estate,130.0,110,150,28.0,1,1,0,1,1,0,0,0,1,0,1,1,1,0,0,0,sr,PhD
400,3.7,"F&G
3.7",IA,Medium,Insurance,115.5,83,148,29.0,1,0,0,1,1,0,0,0,0,0,0,1,0,0,0,0,jr,PhD
401,3.8,"PNNL
3.8",WA,Medium,"Oil, Gas, Energy & Utilities",80.5,60,101,56.0,0,0,0,0,0,0,0,1,0,1,0,0,0,0,0,0,sr,Master
402,4.6,"GreatAmerica Financial Services
4.6",IA,Medium,Finance,43.0,31,55,29.0,0,0,0,1,1,0,0,0,0,0,0,1,0,0,0,0,jr,Master
403,4.4,"Acceleron Pharma
4.4",MA,Small,Biotech & Pharmaceuticals,140.0,102,178,18.0,0,0,0,1,0,0,0,0,0,0,0,0,0,0,0,0,sr,PhD
405,3.0,"AmeriHealth Caritas
3.0",PA,Large,Insurance,66.5,48,85,38.0,0,0,0,1,1,1,0,0,0,0,0,1,0,0,0,0,jr,Master
406,4.7,"Strategic Employment Partners
4.7",CA,Small,Business Services,94.5,66,123,15.0,1,0,1,0,0,0,0,0,0,0,0,0,0,0,0,0,sr,Master
407,3.8,"PNNL
3.8",WA,Medium,"Oil, Gas, Energy & Utilities",119.0,92,146,56.0,0,0,0,0,0,0,0,1,0,1,0,0,0,0,0,0,jr,PhD
408,3.2,"Catholic Health Initiatives
3.2",NE,Large,Health Care,51.5,43,60,25.0,0,0,0,0,0,0,0,0,0,0,0,0,0,0,0,0,jr,Master
409,2.7,"FLEETCOR
2.7",TN,Large,Finance,27.5,20,35,21.0,0,0,0,1,0,0,0,0,0,0,0,1,0,0,0,0,jr,Master
410,3.3,"Liberty Mutual Insurance
3.3",IL,Large,Insurance,194.5,150,239,109.0,1,0,0,0,0,1,0,0,0,0,0,0,0,0,0,0,sr,PhD
411,3.9,"Southwest Research Institute
3.9",TX,Medium,Business Services,71.5,52,91,74.0,1,0,1,1,1,0,0,0,0,0,0,0,0,0,0,0,jr,Master
412,3.7,"Applied Research Laboratories
3.7",TX,Medium,Education,105.5,82,129,29.0,1,0,1,0,0,0,1,1,1,1,0,0,0,0,0,0,jr,PhD
413,3.1,"Reynolds American
3.1",NC,Large,Manufacturing,74.0,47,101,146.0,0,0,0,1,0,0,0,0,0,0,0,0,0,0,0,0,jr,Master
414,3.7,"Raytheon
3.7",AL,Large,Aerospace & Defense,62.5,49,76,99.0,0,0,0,1,0,0,0,0,0,0,0,0,0,0,0,0,jr,Master
415,4.3,"RTI International
4.3",NC,Medium,Business Services,65.5,43,88,63.0,0,0,0,0,0,0,0,0,0,0,0,0,0,0,0,0,jr,Master
416,3.6,"TRANZACT
3.6",NJ,Medium,Business Services,161.5,124,199,32.0,1,0,1,1,1,0,0,0,0,0,0,1,1,0,0,0,sr,PhD
417,2.1,"United BioSource
2.1",PA,Medium,Biotech & Pharmaceuticals,72.5,52,93,18.0,0,0,0,1,1,0,0,0,0,0,0,1,0,0,0,0,jr,Master
418,3.9,"Figure Eight
3.9",CA,Small,Information Technology,139.0,97,181,13.0,1,0,1,1,0,0,0,0,0,0,0,0,0,0,0,0,sr,PhD
419,3.9,"Tapjoy
3.9",CA,Small,Information Technology,136.5,100,173,14.0,0,0,0,0,1,0,0,0,0,0,0,0,0,0,0,0,sr,PhD
420,3.8,"Fareportal
3.8",NY,Large,Travel & Tourism,74.5,53,96,19.0,1,1,0,0,0,0,0,0,0,0,0,0,0,0,0,0,jr,Master
421,3.1,"Reynolds American
3.1",NC,Large,Manufacturing,80.5,65,96,146.0,0,0,0,1,0,0,0,0,0,0,0,0,0,0,0,0,sr,Master
422,3.5,"Sartorius
3.5",NM,Large,Biotech & Pharmaceuticals,75.5,56,95,151.0,1,0,0,1,0,0,0,0,0,0,0,0,0,0,0,0,jr,Master
423,4.7,"1904labs
4.7",MO,Small,Information Technology,143.5,111,176,5.0,1,1,0,0,1,0,1,0,1,1,0,0,0,0,0,0,sr,PhD
424,5.0,"Royce Geospatial
5.0",VA,Small,Aerospace & Defense,101.0,75,127,7.0,1,0,0,0,1,1,0,0,0,0,0,0,0,0,0,0,jr,PhD
425,3.6,"MassMutual
3.6",MA,Large,Insurance,92.0,65,119,170.0,1,1,0,1,0,0,0,0,0,0,0,0,0,0,0,0,sr,Master
426,3.8,"PNNL
3.8",WA,Medium,"Oil, Gas, Energy & Utilities",76.5,56,97,56.0,1,0,0,0,0,0,0,0,0,0,0,0,0,0,0,0,jr,Master
427,4.7,"Recursion Pharmaceuticals
4.7",UT,Small,Biotech & Pharmaceuticals,140.5,108,173,8.0,1,0,1,0,0,0,1,1,1,1,0,0,0,0,0,0,sr,PhD
428,3.6,"Citi
3.6",NJ,Large,Finance,116.5,94,139,209.0,0,0,0,1,1,0,0,0,0,0,0,0,0,0,0,0,jr,PhD
429,4.7,"Sage Intacct
4.7",CA,Medium,Information Technology,232.5,176,289,22.0,1,0,0,0,1,0,0,0,1,0,0,0,0,0,0,0,sr,PhD
430,3.5,"Scale AI
3.5",CA,Small,Information Technology,120.5,92,149,5.0,1,0,0,0,1,0,0,0,0,0,0,0,0,0,0,0,sr,PhD
431,3.5,"Esri
3.5",VA,Large,Information Technology,82.0,63,101,52.0,1,0,0,0,1,0,0,0,0,0,0,0,0,0,0,0,sr,Master
432,3.3,"Rochester Regional Health
3.3",NY,Medium,Health Care,84.5,54,115,7.0,0,0,0,0,0,0,0,0,0,0,0,0,0,0,0,0,sr,Master
433,2.7,"Change Healthcare
2.7",CA,Large,Information Technology,153.0,118,188,14.0,1,1,1,0,1,0,1,1,0,1,0,0,0,0,0,0,sr,PhD
434,3.4,"MZ
3.4",CA,Medium,Information Technology,127.0,108,146,13.0,1,1,0,0,1,0,0,0,0,0,1,0,0,0,0,0,sr,PhD
435,4.7,"HG Insights
4.7",CA,Small,Information Technology,85.5,65,106,11.0,1,1,0,1,1,0,0,0,1,1,1,0,0,0,0,0,sr,Master
436,2.8,"1-800-FLOWERS.COM, Inc.
2.8",NY,Large,Business Services,76.5,55,98,45.0,1,0,0,1,1,1,0,0,0,0,0,1,0,0,0,0,jr,Master
437,3.5,"CBS Interactive
3.5",NY,Medium,Media,128.0,94,162,29.0,1,1,0,0,1,0,1,0,1,1,1,1,0,0,1,1,sr,PhD
438,3.2,"Numeric, LLC
3.2",PA,Small,Business Services,91.5,63,120,29.0,1,1,1,1,1,0,0,0,0,0,1,0,0,0,0,0,sr,Master
439,4.4,"Rubius Therapeutics
4.4",MA,Medium,Biotech & Pharmaceuticals,134.5,90,179,8.0,0,0,0,0,0,0,0,0,0,0,0,0,0,0,0,0,sr,PhD
440,3.3,"Samba TV
3.3",CA,Small,Business Services,164.5,127,202,13.0,0,0,0,0,0,0,0,0,0,0,0,0,0,0,0,0,sr,PhD
441,4.0,"ClearEdge
4.0",MD,Small,Information Technology,93.5,60,127,19.0,0,0,0,1,0,0,0,0,0,0,0,0,0,0,0,0,sr,Master
442,3.4,"SV Microwave
3.4",FL,Medium,Telecommunications,44.0,31,57,30.0,0,0,0,0,0,0,0,0,0,0,0,0,0,0,0,0,jr,Master
443,3.8,"Sumo Logic
3.8",TX,Medium,Information Technology,149.5,105,194,11.0,0,1,1,0,0,0,0,0,0,0,0,0,0,0,0,0,sr,PhD
444,3.5,"EAB
3.5",DC,Medium,Business Services,65.5,45,86,14.0,0,1,1,1,1,0,0,0,0,0,0,0,0,0,0,0,jr,Master
445,4.4,"SpringML
4.4",VA,Small,Information Technology,109.0,75,143,6.0,1,1,0,0,0,0,0,0,0,0,1,0,0,0,0,0,jr,PhD
446,3.7,"Samsung Research America
3.7",CA,Medium,Information Technology,177.0,126,228,33.0,1,1,1,0,1,0,0,0,0,0,1,0,0,1,1,0,sr,PhD
447,4.7,"Systems & Technology Research
4.7",VA,Medium,Aerospace & Defense,107.0,80,134,11.0,1,1,0,1,1,0,0,1,1,1,1,0,0,0,0,0,jr,PhD
448,4.1,"Netskope
4.1",CA,Medium,Information Technology,154.5,120,189,9.0,1,1,0,1,0,0,0,0,0,1,0,0,0,1,0,0,sr,PhD
449,4.0,"Lorven Technologies Inc
4.0",CA,Small,Accounting & Legal,113.5,85,142,29.0,1,1,0,0,1,0,0,0,0,0,0,0,0,0,0,0,jr,PhD
450,3.5,"Brighthouse Financial
3.5",NC,Medium,Insurance,124.5,95,154,4.0,1,1,0,1,0,0,0,0,0,0,0,0,0,0,0,0,sr,PhD
451,2.5,"CareDx
2.5",CA,Small,Biotech & Pharmaceuticals,143.5,111,176,29.0,1,0,0,1,1,0,0,0,0,0,0,0,0,0,0,0,sr,PhD
452,3.9,"Serigor Inc.
3.9",CA,Small,Information Technology,113.5,87,140,29.0,1,0,0,0,1,0,0,0,0,0,0,0,0,0,0,0,jr,PhD
453,3.4,"Leidos
3.4",VA,Large,Aerospace & Defense,101.5,76,127,52.0,1,0,1,0,0,0,0,1,0,1,0,0,0,0,0,0,jr,PhD
454,3.6,"Beckman Coulter Diagnostics
3.6",NY,Large,Manufacturing,73.0,54,92,86.0,0,0,1,1,1,0,0,0,0,0,0,1,1,0,0,0,jr,Master
455,3.5,"IHS Markit
3.5",NY,Large,Business Services,80.5,61,100,5.0,1,0,1,0,1,0,0,0,0,0,0,0,0,0,0,0,sr,Master
457,2.9,"Affinity Solutions
2.9",CA,Small,Business Services,114.0,80,148,23.0,1,1,0,0,1,0,0,0,0,0,0,1,0,0,0,0,jr,PhD
458,3.5,"e-IT Professionals Corp.
3.5",CA,Small,Consumer Services,139.5,108,171,29.0,1,0,0,0,1,0,0,0,0,0,0,0,0,0,0,0,sr,PhD
459,4.8,"TechProjects
4.8",NY,Small,Information Technology,145.5,112,179,10.0,1,0,0,1,1,0,0,0,0,0,0,1,0,0,0,0,sr,PhD
460,4.0,"Biz2Credit Inc
4.0",NY,Medium,Finance,87.0,63,111,14.0,0,0,0,1,0,0,0,0,0,0,0,0,0,0,0,0,sr,Master
461,4.2,"PeoplesBank
4.2",MA,Medium,Finance,100.5,75,126,136.0,0,0,0,1,1,0,0,0,0,0,0,0,0,0,0,0,jr,PhD
462,3.8,"Capgemini
3.8",NY,Large,Information Technology,147.0,110,184,54.0,1,1,0,1,1,1,0,0,1,0,1,0,0,0,1,0,sr,PhD
463,3.7,"GNY Insurance Companies
3.7",NY,Medium,Insurance,110.5,76,145,107.0,1,0,0,1,1,0,0,0,0,0,0,0,0,0,0,0,jr,PhD
464,3.9,"Citadel Federal Credit Union
3.9",PA,Medium,Finance,49.0,36,62,84.0,1,0,0,0,1,0,0,0,0,0,0,1,1,0,0,0,jr,Master
465,4.6,"Conch Technologies, Inc
4.6",MA,Small,Business Services,94.0,70,118,29.0,1,1,1,0,1,0,0,0,0,0,1,1,1,0,0,0,sr,Master
466,4.3,"Medidata Solutions
4.3",NY,Medium,Information Technology,123.5,94,153,22.0,1,0,1,0,1,0,0,0,0,0,0,0,0,0,0,0,sr,PhD
467,3.3,"Rochester Regional Health
3.3",NY,Medium,Health Care,84.5,54,115,7.0,0,0,0,0,0,0,0,0,0,0,0,0,0,0,0,0,sr,Master
468,3.7,"CALIBRE Systems
3.7",VA,Medium,Information Technology,71.0,50,92,32.0,0,0,0,1,1,0,0,0,0,0,0,1,1,0,0,0,jr,Master
469,4.0,"HP Inc.
4.0",OR,Large,Information Technology,73.0,49,97,82.0,0,0,0,0,1,0,0,0,0,0,0,0,0,0,0,0,jr,Master
470,3.6,"MassMutual
3.6",MA,Large,Insurance,101.0,67,135,170.0,0,0,0,0,0,0,0,0,0,0,0,0,0,0,0,0,jr,PhD
471,3.9,"Tapjoy
3.9",CA,Small,Information Technology,181.0,138,224,14.0,1,1,0,0,1,0,0,0,1,1,0,0,0,0,0,0,sr,PhD
472,3.7,"Northrop Grumman
3.7",CA,Large,Aerospace & Defense,109.5,80,139,82.0,0,0,0,1,1,0,0,0,0,0,0,1,0,0,0,0,jr,PhD
473,3.7,"Visa Inc.
3.7",WA,Large,Information Technology,184.5,158,211,63.0,1,0,0,1,1,1,0,0,0,0,0,1,0,0,0,0,sr,PhD
474,3.9,"Quartet Health
3.9",NY,Small,Information Technology,165.0,150,180,7.0,1,0,0,0,0,0,0,0,1,0,1,0,0,0,0,0,sr,PhD
475,3.7,"Motorola Solutions
3.7",IL,Large,Information Technology,61.0,42,80,93.0,1,1,0,0,1,0,0,0,0,0,1,0,0,0,0,0,jr,Master
476,4.1,"Credit Sesame
4.1",CA,Medium,Information Technology,205.0,190,220,11.0,1,1,1,0,1,0,0,0,0,0,0,0,0,0,0,0,sr,PhD
477,3.1,"Success Academy Charter Schools
3.1",NY,Medium,Education,59.5,42,77,15.0,1,0,0,1,1,0,0,0,0,0,0,0,0,0,0,0,jr,Master
478,3.1,"Reynolds American
3.1",KY,Large,Manufacturing,103.5,68,139,146.0,0,0,0,0,0,0,0,0,0,0,0,0,0,0,0,0,jr,PhD
479,3.0,"Infosys
3.0",CT,Large,Information Technology,62.5,54,71,40.0,0,0,0,1,0,0,0,0,0,0,0,0,0,0,0,0,jr,Master
480,3.6,"MassMutual
3.6",MA,Large,Insurance,63.0,34,92,170.0,0,0,0,1,0,0,0,0,0,0,0,0,0,0,0,0,jr,Master
481,3.6,"AXION Healthcare Solutions
3.6",NY,Small,Health Care,66.0,47,85,41.0,0,0,0,1,0,0,0,0,0,0,0,0,0,0,0,0,jr,Master
482,3.5,"Alignment Healthcare
3.5",CA,Medium,Health Care,94.5,65,124,8.0,1,1,1,1,1,0,0,0,0,0,1,0,0,0,0,0,sr,Master
483,4.2,"ExecOnline
4.2",NY,Small,Education,75.5,56,95,9.0,1,0,1,0,1,0,0,0,0,0,1,1,0,0,0,0,jr,Master
484,4.0,"Mteq
4.0",VA,Medium,Aerospace & Defense,87.0,62,112,67.0,1,0,0,0,0,0,0,0,0,0,0,0,0,0,0,0,sr,Master
485,3.9,"AstraZeneca
3.9",MD,Large,Biotech & Pharmaceuticals,140.0,107,173,108.0,1,0,0,1,0,0,0,0,0,0,0,0,0,0,0,0,sr,PhD
486,3.7,"Brillient
3.7",MD,Small,Information Technology,86.0,64,108,15.0,1,0,0,1,0,1,0,0,0,0,0,0,0,0,0,0,sr,Master
487,4.4,"Entefy
4.4",CA,Small,Information Technology,116.5,89,144,9.0,1,0,0,0,1,0,0,0,0,0,0,0,0,0,0,0,jr,PhD
488,3.5,"Sunovion
3.5",MA,Large,Biotech & Pharmaceuticals,154.5,109,200,11.0,1,0,0,1,0,0,0,0,0,0,0,0,0,0,0,0,sr,PhD
489,3.7,"Cboe Global Markets
3.7",KS,Medium,Finance,87.0,61,113,48.0,1,0,0,1,1,0,0,0,0,0,1,0,0,0,0,0,sr,Master
490,3.6,"San Manuel Casino
3.6",CA,Medium,"Arts, Entertainment & Recreation",48.5,35,62,35.0,0,0,0,1,1,1,0,0,0,0,0,1,0,0,0,1,jr,Master
491,3.4,"Trace3
3.4",TX,Large,Information Technology,80.0,55,105,19.0,1,1,0,1,1,0,0,0,0,0,1,0,0,0,0,0,jr,Master
492,4.0,"Texas Health Huguley Hospital
4.0",TX,Medium,Health Care,44.5,37,52,44.0,0,0,1,0,0,0,0,0,0,0,0,0,0,0,0,0,jr,Master
493,2.4,"Teasdale Latin Foods
2.4",IL,Medium,Manufacturing,52.5,39,66,29.0,0,0,0,0,0,0,0,0,0,0,0,0,0,0,0,0,jr,Master
494,3.7,"Northrop Grumman
3.7",CA,Large,Aerospace & Defense,173.0,135,211,82.0,1,0,0,0,0,0,0,0,0,0,0,0,0,0,0,0,sr,PhD
495,3.5,"Saama Technologies Inc
3.5",AZ,Medium,Biotech & Pharmaceuticals,68.5,57,80,24.0,1,1,0,0,0,0,0,0,0,0,0,0,0,0,0,0,jr,Master
496,4.4,"Two Sigma
4.4",NY,Medium,Finance,172.0,129,215,20.0,0,0,0,0,0,0,0,0,0,0,0,0,0,0,0,0,sr,PhD
497,3.3,"Liberty Mutual Insurance
3.3",MA,Large,Insurance,114.5,86,143,109.0,1,0,0,0,0,0,0,0,0,0,0,0,0,0,0,0,jr,PhD
498,3.9,"AstraZeneca
3.9",MD,Large,Biotech & Pharmaceuticals,95.0,63,127,108.0,0,0,0,0,0,0,0,0,0,0,0,0,0,0,0,0,sr,Master
499,3.2,"MITRE
3.2",MA,Large,Government,69.5,50,89,63.0,1,0,0,1,1,1,0,0,0,0,0,1,0,0,1,0,jr,Master
500,3.2,"Guidepoint
3.2",NY,Medium,Business Services,64.5,43,86,18.0,1,0,1,1,1,0,0,0,0,0,0,0,0,0,0,0,jr,Master
501,2.1,"Cerus Corporation
2.1",CA,Small,Biotech & Pharmaceuticals,111.5,74,149,29.0,0,0,0,1,0,0,0,0,0,0,0,0,0,0,0,0,jr,PhD
502,4.0,"Strategic Financial Solutions
4.0",NY,Medium,Consumer Services,97.5,71,124,14.0,1,0,0,1,1,0,0,0,0,0,0,0,0,0,0,0,sr,Master
503,3.7,"Takeda Pharmaceuticals
3.7",MA,Large,Biotech & Pharmaceuticals,154.5,113,196,240.0,0,1,1,1,1,0,0,0,0,0,1,0,0,0,1,0,sr,PhD
504,2.6,"Software Engineering Institute
2.6",PA,Medium,Education,124.0,81,167,37.0,0,0,0,0,0,0,0,0,0,0,0,0,0,0,0,0,sr,PhD
505,3.4,"Remedy BPCI Partners, LLC.
3.4",NY,Small,Health Care,95.0,69,121,10.0,1,1,1,0,1,0,0,0,0,0,0,1,0,0,0,0,sr,Master
506,4.4,"Maven Wave Partners
4.4",IL,Medium,Business Services,128.5,97,160,13.0,1,0,1,1,1,0,0,0,0,0,1,1,0,0,0,0,sr,PhD
507,3.2,"The Climate Corporation
3.2",CA,Medium,Information Technology,194.0,150,238,15.0,0,0,1,1,0,0,0,0,0,0,0,0,0,0,0,0,sr,PhD
508,3.5,"Crossix Solutions
3.5",NY,Small,Business Services,104.5,77,132,16.0,1,1,1,1,1,0,0,0,0,0,0,0,0,0,0,0,jr,PhD
509,3.7,"Vail Health
3.7",CO,Medium,Health Care,65.0,49,81,55.0,0,0,0,0,0,0,0,0,0,0,0,0,0,0,0,0,jr,Master
510,4.2,"Clarity Insights
4.2",NC,Small,Information Technology,85.5,59,112,13.0,1,0,0,1,1,0,0,0,0,0,1,0,0,0,0,0,sr,Master
511,4.2,"The Church of Jesus Christ of Latter-day Saints
4.2",UT,Large,Non-Profit,50.0,35,65,29.0,0,0,1,1,1,0,0,0,0,0,0,0,0,0,0,0,jr,Master
512,3.1,"NCSOFT
3.1",CA,Large,Media,113.0,79,147,24.0,1,1,1,1,1,0,0,0,0,0,0,0,0,0,1,0,jr,PhD
513,3.9,"GSK
3.9",MA,Large,Biotech & Pharmaceuticals,90.5,62,119,191.0,0,0,1,0,0,0,0,0,0,0,0,0,0,0,0,0,sr,Master
514,4.3,"Factual
4.3",CA,Small,Information Technology,153.0,119,187,13.0,1,1,0,1,0,0,0,0,0,0,0,0,0,0,0,0,sr,PhD
515,3.3,"TriNet
3.3",CA,Large,Business Services,123.5,90,157,33.0,0,0,0,1,1,1,0,0,0,0,0,1,0,0,1,0,sr,PhD
516,3.9,"Signpost
3.9",NY,Small,Information Technology,47.0,32,62,11.0,0,1,0,0,1,0,0,0,0,0,0,0,0,0,0,0,jr,Master
517,3.5,"Central California Alliance for Health
3.5",CA,Medium,Health Care,64.0,42,86,25.0,0,0,0,0,1,0,0,0,0,0,0,1,0,0,0,0,jr,Master
518,4.0,"Adobe
4.0",CA,Large,Information Technology,162.0,116,208,39.0,1,0,0,1,1,0,0,0,0,0,1,1,1,0,0,0,sr,PhD
519,3.9,"AstraZeneca
3.9",NY,Large,Biotech & Pharmaceuticals,137.0,102,172,108.0,1,0,0,0,0,0,0,0,0,0,0,0,0,0,0,0,sr,PhD
520,3.0,"Pilot Flying J Travel Centers LLC
3.0",TN,Large,Retail,98.0,69,127,63.0,1,0,0,0,1,0,0,0,0,0,0,0,0,0,0,0,sr,Master
521,3.7,"Swiss Re
3.7",NY,Large,Insurance,115.0,86,144,158.0,1,0,0,1,1,0,0,0,0,0,0,0,0,0,0,0,jr,PhD
522,3.5,"Sartorius
3.5",CO,Large,Biotech & Pharmaceuticals,133.5,102,165,151.0,1,0,0,1,0,0,0,0,0,0,0,0,0,0,0,0,sr,PhD
523,4.0,"Pinnacol Assurance
4.0",CO,Medium,Insurance,99.0,74,124,106.0,1,0,1,0,1,0,0,0,0,0,0,0,0,0,0,0,sr,Master
524,3.3,"Palermo's Pizza
3.3",WI,Medium,Manufacturing,54.0,40,68,57.0,0,0,0,0,0,0,0,0,0,0,0,0,0,0,0,0,jr,Master
525,3.2,"Equian LLC
3.2",TN,Medium,Health Care,109.0,76,142,17.0,0,0,1,1,0,0,0,0,0,0,1,0,0,0,0,0,jr,PhD
526,3.4,"MetroStar Systems
3.4",MD,Small,Information Technology,109.0,76,142,22.0,0,0,1,0,0,0,0,0,0,0,0,0,0,0,0,0,jr,PhD
527,4.4,"MathWorks
4.4",MA,Large,Information Technology,139.5,108,171,37.0,1,0,0,0,1,0,0,0,0,0,0,1,1,0,0,0,sr,PhD
528,3.3,"Liberty Mutual Insurance
3.3",IL,Large,Insurance,254.0,202,306,109.0,1,0,0,0,0,1,0,0,0,0,0,0,0,0,0,0,sr,PhD
529,3.2,"Information Builders
3.2",NY,Medium,Information Technology,125.0,91,159,46.0,1,0,1,1,1,0,0,1,0,1,0,0,0,0,0,0,sr,PhD
530,3.8,"Novartis
3.8",MA,Large,Biotech & Pharmaceuticals,106.5,80,133,25.0,1,0,0,0,1,1,0,0,0,0,0,1,1,0,0,0,jr,PhD
531,2.9,"Audentes Therapeutics
2.9",CA,Small,Biotech & Pharmaceuticals,73.0,49,97,9.0,0,0,0,0,0,0,0,0,0,0,0,0,0,0,0,0,jr,Master
532,2.7,"Advanced BioScience Laboratories
2.7",MD,Small,Biotech & Pharmaceuticals,81.0,49,113,60.0,0,0,0,1,0,0,0,0,0,0,0,0,0,0,0,0,sr,Master
533,3.6,"Beebe Healthcare
3.6",DE,Medium,Health Care,56.5,43,70,86.0,0,0,0,0,0,0,0,0,0,0,0,0,0,0,0,0,jr,Master
534,3.1,"Reynolds American
3.1",NC,Large,Manufacturing,99.5,65,134,146.0,0,0,0,1,0,0,0,0,0,0,0,0,0,0,0,0,sr,Master
535,3.3,"National Interstate
3.3",OH,Medium,Insurance,45.5,32,59,32.0,0,0,0,0,0,0,0,0,0,0,0,0,0,0,0,0,jr,Master
536,3.7,"The Hanover Insurance Group
3.7",MA,Large,Insurance,54.0,39,69,169.0,0,0,0,0,1,0,0,0,0,0,0,0,0,0,0,0,jr,Master
537,4.5,"Moser Consulting
4.5",IN,Small,Business Services,122.5,87,158,25.0,1,1,1,0,1,0,0,0,0,0,1,0,0,0,1,0,sr,PhD
538,3.0,"Greenway Health
3.0",FL,Medium,Information Technology,37.5,27,48,44.0,0,0,0,1,1,0,0,0,0,0,0,0,0,0,0,0,jr,Master
539,3.8,"Fareportal
3.8",NY,Large,Travel & Tourism,53.5,36,71,19.0,1,0,0,1,1,0,0,0,0,0,0,0,1,0,0,1,jr,Master
540,3.9,"TransUnion
3.9",IL,Large,Finance,140.0,107,173,53.0,1,0,0,1,1,1,0,0,0,0,0,0,0,0,0,0,sr,PhD
541,3.2,"MITRE
3.2",VA,Large,Government,77.5,56,99,63.0,0,0,0,0,0,0,0,0,0,0,0,0,0,0,0,0,jr,Master
542,3.3,"Mcphail Associates
3.3",MA,Small,"Construction, Repair & Maintenance",55.0,52,58,45.0,0,0,0,1,0,0,0,0,0,0,0,0,0,0,0,0,jr,Master
543,3.1,"Reynolds American
3.1",NC,Large,Manufacturing,117.5,80,155,146.0,0,0,0,1,0,0,0,0,0,0,0,0,0,0,0,0,jr,PhD
544,2.4,"Crown Bioscience
2.4",CA,Medium,Biotech & Pharmaceuticals,70.5,43,98,15.0,0,0,0,0,0,0,0,0,0,0,0,0,0,0,0,0,jr,Master
545,2.9,"Q2 Solutions
2.9",NY,Medium,Biotech & Pharmaceuticals,70.0,44,96,6.0,0,0,0,1,0,0,0,0,0,0,0,0,0,0,0,0,jr,Master
546,4.8,"HOVER
4.8",CA,Small,Information Technology,61.5,45,78,10.0,0,0,0,1,1,0,0,0,0,0,0,1,0,0,0,0,jr,Master
547,2.9,"Q2 Solutions
2.9",GA,Medium,Biotech & Pharmaceuticals,80.0,50,110,6.0,0,0,0,1,0,0,0,0,0,0,0,0,0,0,0,0,jr,Master
548,4.7,"Oversight Systems
4.7",GA,Small,Information Technology,79.5,60,99,18.0,1,0,0,1,1,0,1,1,1,0,0,0,0,0,0,0,jr,Master
549,4.7,"Confluent
4.7",CA,Medium,Information Technology,168.0,130,206,7.0,1,0,0,1,1,0,0,0,0,0,0,1,0,0,0,0,sr,PhD
550,3.4,"Arbella Insurance
3.4",MA,Medium,Insurance,90.0,61,119,33.0,0,1,0,1,1,0,0,0,0,0,1,0,0,0,0,0,sr,Master
552,3.9,"Life360
3.9",CA,Small,Information Technology,138.5,99,178,13.0,1,0,0,0,1,0,0,0,0,0,0,1,0,0,0,0,sr,PhD
553,3.6,"IQVIA
3.6",PA,Large,Biotech & Pharmaceuticals,111.5,86,137,4.0,0,0,0,0,0,0,0,0,0,0,0,0,0,0,0,0,jr,PhD
554,3.6,"MassMutual
3.6",MA,Large,Insurance,68.5,37,100,170.0,0,0,0,1,0,0,0,0,0,0,0,0,0,0,0,0,jr,Master
555,3.9,"GSK
3.9",MA,Large,Biotech & Pharmaceuticals,84.5,58,111,191.0,0,0,1,0,0,0,0,0,0,0,0,0,0,0,0,0,sr,Master
556,4.4,"Eventbrite
4.4",TN,Medium,Information Technology,102.5,72,133,15.0,1,1,1,0,1,0,0,0,0,0,1,0,0,0,0,0,jr,PhD
557,2.6,"Software Engineering Institute
2.6",PA,Medium,Education,73.5,56,91,37.0,0,0,0,1,0,0,0,0,0,0,0,0,0,0,0,0,jr,Master
558,3.6,"Riverside Research Institute
3.6",OH,Medium,Government,93.5,61,126,54.0,1,0,0,0,0,0,0,0,0,0,0,0,0,0,0,0,sr,Master
559,3.2,"Numeric, LLC
3.2",PA,Small,Business Services,127.5,95,160,29.0,0,0,0,1,0,0,0,0,0,0,0,0,0,0,0,0,sr,PhD
560,4.2,"The Church of Jesus Christ of Latter-day Saints
4.2",UT,Large,Non-Profit,72.0,53,91,29.0,0,0,0,0,1,0,0,0,0,0,0,1,0,0,0,0,jr,Master
561,3.6,"MassMutual
3.6",MA,Large,Insurance,129.5,101,158,170.0,1,1,1,1,1,0,0,0,0,0,1,1,1,0,0,0,sr,PhD
562,3.1,"Icon Health and Fitness
3.1",UT,Medium,Manufacturing,47.0,33,61,44.0,1,0,0,1,1,0,0,0,0,0,0,1,0,0,0,0,jr,Master
563,3.8,"Shipt
3.8",AL,Medium,Consumer Services,65.0,44,86,7.0,1,1,1,1,1,0,0,0,0,0,0,0,0,0,0,0,jr,Master
564,3.8,"Associated Banc-Corp
3.8",WI,Large,Finance,60.0,43,77,151.0,0,0,1,1,0,0,0,0,0,0,0,0,0,0,0,0,jr,Master
565,4.0,"Pfizer
4.0",NY,Large,Biotech & Pharmaceuticals,167.5,125,210,172.0,0,0,1,1,0,0,0,0,0,0,0,0,0,0,0,0,sr,PhD
566,3.8,"Fareportal
3.8",NY,Large,Travel & Tourism,65.0,44,86,19.0,0,0,0,1,1,1,0,0,0,0,0,0,0,0,0,0,jr,Master
567,4.0,"Novetta
4.0",VA,Medium,Information Technology,94.0,69,119,9.0,1,0,0,0,1,0,0,0,0,0,0,0,0,0,0,0,sr,Master
568,1.9,"Moda Operandi
1.9",NY,Medium,Retail,87.5,65,110,11.0,1,0,0,1,1,0,0,0,0,0,0,0,0,0,0,1,sr,Master
569,4.0,"Novetta
4.0",VA,Medium,Information Technology,97.0,67,127,9.0,1,1,1,0,1,0,0,0,0,0,1,0,0,1,0,0,sr,Master
570,4.3,"Genesys
4.3",NC,Large,Information Technology,112.5,78,147,31.0,1,1,1,0,0,0,0,0,0,0,1,0,0,1,0,0,jr,PhD
571,3.6,"MassMutual
3.6",MA,Large,Insurance,91.5,66,117,170.0,0,1,1,1,1,0,0,0,0,0,1,0,0,0,0,0,sr,Master
572,3.3,"Liberty Mutual Insurance
3.3",IN,Large,Insurance,51.5,37,66,109.0,1,0,0,1,1,0,0,0,0,0,0,0,1,0,0,0,jr,Master
573,3.8,"Novartis
3.8",MA,Large,Biotech & Pharmaceuticals,114.5,86,143,25.0,0,0,0,0,0,0,0,0,0,0,0,0,0,0,0,0,jr,PhD
574,4.3,"USEReady
4.3",NY,Small,Business Services,115.0,84,146,10.0,1,1,1,0,1,0,0,0,0,0,1,1,0,0,0,0,jr,PhD
575,3.2,"Numeric, LLC
3.2",PA,Small,Business Services,74.0,50,98,29.0,1,0,1,0,1,0,0,0,0,0,0,0,0,0,0,0,jr,Master
576,4.7,"QK
4.7",CA,Small,Business Services,51.0,38,64,49.0,0,0,0,1,0,0,0,0,0,0,0,0,0,0,0,0,jr,Master
577,3.4,"Tivity Health
3.4",AZ,Medium,Health Care,100.0,90,110,40.0,0,0,0,0,1,0,0,0,0,0,1,0,0,0,0,0,jr,PhD
578,3.8,"Novartis
3.8",MA,Large,Biotech & Pharmaceuticals,121.0,92,150,25.0,0,0,0,0,0,0,0,0,0,0,0,0,0,0,0,0,sr,PhD
579,4.5,"Demandbase
4.5",CA,Medium,Information Technology,121.5,90,153,15.0,0,0,0,0,1,0,0,0,0,0,0,1,1,0,0,0,sr,PhD
580,3.1,"Santander
3.1",MA,Large,Finance,62.5,43,82,165.0,1,0,0,1,1,1,0,0,0,0,0,0,0,0,0,0,jr,Master
582,3.9,"Luminar Technologies
3.9",FL,Small,Information Technology,122.0,93,151,9.0,1,0,1,0,0,0,0,0,0,0,0,0,0,0,0,0,sr,PhD
583,4.4,"BRMi
4.4",VA,Small,Information Technology,85.0,61,109,17.0,1,1,1,0,0,0,0,0,0,0,1,0,0,0,0,0,sr,Master
584,3.4,"IntraEdge
3.4",AZ,Medium,Information Technology,60.5,42,79,19.0,1,1,1,0,1,0,0,0,0,0,0,0,0,0,1,0,jr,Master
585,3.9,"Zest AI
3.9",CA,Medium,Finance,180.0,139,221,12.0,1,0,0,1,1,0,0,0,0,0,0,0,0,0,0,0,sr,PhD
586,4.7,"Veterans United Home Loans
4.7",MO,Medium,Finance,70.5,40,101,19.0,0,1,0,1,1,0,0,0,0,0,1,1,0,0,1,0,jr,Master
587,3.3,"Peraton
3.3",VA,Large,Aerospace & Defense,118.5,84,153,4.0,1,1,0,0,1,0,0,0,0,0,1,0,0,0,0,0,jr,PhD
588,3.9,"Emtec, Inc.
3.9",IL,Medium,Information Technology,66.5,52,81,26.0,1,0,0,0,1,1,0,0,0,0,0,1,1,0,0,0,jr,Master
589,3.4,"PA Consulting
3.4",MA,Medium,Business Services,107.5,81,134,78.0,0,1,0,1,1,0,0,0,0,0,1,1,0,0,1,0,jr,PhD
590,4.7,"Praetorian
4.7",TX,Small,Business Services,138.5,97,180,11.0,1,1,0,0,1,0,0,0,0,1,0,0,0,0,0,0,sr,PhD
591,2.7,"Advanced BioScience Laboratories
2.7",MD,Small,Biotech & Pharmaceuticals,81.0,49,113,60.0,0,0,0,0,0,0,0,0,0,0,0,0,0,0,0,0,sr,Master
592,3.8,"COUNTRY Financial
3.8",IL,Large,Insurance,58.5,44,73,96.0,1,1,0,1,1,0,0,0,0,0,1,0,0,0,0,0,jr,Master
593,3.4,"Echo Global Logistics
3.4",IL,Large,Transportation & Logistics,107.5,75,140,16.0,0,0,0,0,1,0,0,0,0,0,0,0,0,0,0,0,jr,PhD
594,3.8,"Agios Pharmaceuticals
3.8",MA,Medium,Biotech & Pharmaceuticals,120.5,84,157,13.0,0,0,0,0,0,1,0,0,0,0,0,0,0,0,0,0,sr,PhD
595,3.9,"Tapjoy
3.9",CA,Small,Information Technology,63.5,40,87,14.0,1,1,0,0,1,0,0,0,1,1,0,0,0,0,0,0,jr,Master
596,3.1,"Reynolds American
3.1",KY,Large,Manufacturing,103.5,68,139,146.0,0,0,0,0,0,0,0,0,0,0,0,0,0,0,0,0,jr,PhD
597,4.1,"Mentor Graphics
4.1",CA,Large,Information Technology,107.0,72,142,40.0,1,0,0,1,0,0,1,0,0,1,0,0,0,0,0,0,jr,PhD
598,3.7,"Maxar Technologies
3.7",VA,Large,Aerospace & Defense,105.5,74,137,29.0,1,1,0,0,1,0,0,0,0,0,1,0,0,0,0,0,jr,PhD
599,2.8,"ICW Group
2.8",CA,Medium,Insurance,83.0,57,109,49.0,0,0,0,0,1,0,0,0,0,0,0,1,1,0,0,0,sr,Master
600,4.0,"Glassdoor
4.0",CA,Medium,Information Technology,162.0,121,203,14.0,1,1,1,1,0,0,0,0,0,0,1,0,0,0,0,0,sr,PhD
601,3.5,"Esri
3.5",CA,Large,Information Technology,68.5,52,85,52.0,1,1,0,1,0,0,0,1,1,1,0,0,0,0,0,0,jr,Master
602,3.4,"Assurant
3.4",OH,Large,Insurance,110.5,81,140,43.0,0,0,0,1,1,0,0,1,0,1,0,0,0,0,0,0,jr,PhD
603,3.7,"F&G
3.7",IA,Medium,Insurance,115.5,83,148,29.0,1,0,0,1,1,0,0,0,0,0,0,1,0,0,0,0,jr,PhD
604,3.0,"Exelixis
3.0",CA,Medium,Biotech & Pharmaceuticals,87.5,59,116,27.0,0,0,0,1,0,0,0,0,0,0,0,0,0,0,0,0,sr,Master
605,3.8,"PNNL
3.8",WA,Medium,"Oil, Gas, Energy & Utilities",80.5,60,101,56.0,0,0,0,0,0,0,0,1,0,1,0,0,0,0,0,0,sr,Master
606,4.6,"GreatAmerica Financial Services
4.6",IA,Medium,Finance,43.0,31,55,29.0,0,0,0,1,1,0,0,0,0,0,0,1,0,0,0,0,jr,Master
607,4.4,"Acceleron Pharma
4.4",MA,Small,Biotech & Pharmaceuticals,140.0,102,178,18.0,0,0,0,1,0,0,0,0,0,0,0,0,0,0,0,0,sr,PhD
608,4.0,"Pfizer
4.0",MA,Large,Biotech & Pharmaceuticals,172.0,136,208,172.0,0,0,1,0,0,0,0,0,0,0,0,0,0,0,0,0,sr,PhD
610,3.0,"AmeriHealth Caritas
3.0",PA,Large,Insurance,66.5,48,85,38.0,0,0,0,1,1,1,0,0,0,0,0,1,0,0,0,0,jr,Master
611,3.0,"Exelixis
3.0",CA,Medium,Biotech & Pharmaceuticals,100.0,71,129,27.0,0,0,0,1,0,0,0,0,0,0,0,0,0,0,0,0,jr,PhD
612,4.7,"Strategic Employment Partners
4.7",CA,Small,Business Services,94.5,66,123,15.0,1,0,1,0,0,0,0,0,0,0,0,0,0,0,0,0,sr,Master
613,4.2,"Grand Rounds
4.2",CA,Medium,Health Care,221.5,171,272,10.0,1,0,0,1,1,0,0,0,0,0,0,0,0,0,0,0,sr,PhD
614,3.8,"PNNL
3.8",WA,Medium,"Oil, Gas, Energy & Utilities",119.0,92,146,56.0,0,0,0,0,0,0,0,1,0,1,0,0,0,0,0,0,jr,PhD
615,3.5,"SPINS, LLC
3.5",IL,Medium,Business Services,95.5,65,126,26.0,1,0,0,0,1,0,0,0,0,0,0,0,0,0,0,0,sr,Master
616,3.3,"Liberty Mutual Insurance
3.3",IL,Large,Insurance,194.5,150,239,109.0,1,0,0,0,0,1,0,0,0,0,0,0,0,0,0,0,sr,PhD
617,3.2,"Catholic Health Initiatives
3.2",NE,Large,Health Care,51.5,43,60,25.0,0,0,0,0,0,0,0,0,0,0,0,0,0,0,0,0,jr,Master
618,2.7,"FLEETCOR
2.7",TN,Large,Finance,27.5,20,35,21.0,0,0,0,1,0,0,0,0,0,0,0,1,0,0,0,0,jr,Master
619,3.3,"DTCC
3.3",NJ,Large,Finance,173.0,118,228,48.0,1,0,0,1,1,0,0,0,0,0,0,0,0,0,0,0,sr,PhD
620,3.7,"Applied Research Laboratories
3.7",TX,Medium,Education,105.5,82,129,29.0,1,0,1,0,0,0,1,1,1,1,0,0,0,0,0,0,jr,PhD
621,3.9,"Southwest Research Institute
3.9",TX,Medium,Business Services,71.5,52,91,74.0,1,0,1,1,1,0,0,0,0,0,0,0,0,0,0,0,jr,Master
622,3.1,"Reynolds American
3.1",NC,Large,Manufacturing,74.0,47,101,146.0,0,0,0,1,0,0,0,0,0,0,0,0,0,0,0,0,jr,Master
623,3.7,"Raytheon
3.7",AL,Large,Aerospace & Defense,62.5,49,76,99.0,0,0,0,1,0,0,0,0,0,0,0,0,0,0,0,0,jr,Master
624,4.3,"RTI International
4.3",NC,Medium,Business Services,65.5,43,88,63.0,0,0,0,0,0,0,0,0,0,0,0,0,0,0,0,0,jr,Master
625,3.8,"DICK'S Sporting Goods - Corporate
3.8",PA,Large,Retail,85.0,61,109,73.0,1,0,0,0,1,0,0,1,0,1,0,0,0,0,0,0,sr,Master
626,3.9,"AstraZeneca
3.9",MD,Large,Biotech & Pharmaceuticals,147.5,113,182,108.0,1,0,0,1,0,0,0,0,0,0,0,0,0,0,0,0,sr,PhD
627,3.6,"TRANZACT
3.6",NJ,Medium,Business Services,161.5,124,199,32.0,1,0,1,1,1,0,0,0,0,0,0,1,1,0,0,0,sr,PhD
628,3.7,"Carilion Clinic
3.7",VA,Large,Health Care,81.0,58,104,122.0,0,0,0,1,0,0,0,0,0,0,0,0,0,0,0,0,sr,Master
629,2.1,"United BioSource
2.1",PA,Medium,Biotech & Pharmaceuticals,72.5,52,93,18.0,0,0,0,1,1,0,0,0,0,0,0,1,0,0,0,0,jr,Master
630,3.9,"Figure Eight
3.9",CA,Small,Information Technology,139.0,97,181,13.0,1,0,1,1,0,0,0,0,0,0,0,0,0,0,0,0,sr,PhD
631,3.9,"Tapjoy
3.9",CA,Small,Information Technology,136.5,100,173,14.0,0,0,0,0,1,0,0,0,0,0,0,0,0,0,0,0,sr,PhD
632,3.2,"DoubleVerify
3.2",NY,Small,Information Technology,83.0,58,108,13.0,1,1,0,1,1,0,0,0,0,0,0,0,0,0,0,0,sr,Master
633,4.6,"Mitsubishi Electric Research Labs
4.6",MA,Small,Business Services,121.0,81,161,30.0,0,0,1,1,0,0,0,1,0,1,0,0,0,0,0,0,sr,PhD
634,3.8,"Fareportal
3.8",NY,Large,Travel & Tourism,74.5,53,96,19.0,1,1,0,0,0,0,0,0,0,0,0,0,0,0,0,0,jr,Master
635,2.2,"Rodan and Fields, LLC
2.2",CA,Medium,Retail,85.5,61,110,19.0,0,0,0,1,0,0,0,0,0,0,0,0,0,0,0,0,sr,Master
636,3.1,"Reynolds American
3.1",NC,Large,Manufacturing,80.5,65,96,146.0,0,0,0,1,0,0,0,0,0,0,0,0,0,0,0,0,sr,Master
637,4.6,"Mitsubishi Electric Research Labs
4.6",MA,Small,Business Services,167.5,115,220,30.0,0,0,0,0,0,0,0,0,0,0,0,0,0,0,0,0,sr,PhD
638,2.6,"Software Engineering Institute
2.6",PA,Medium,Education,107.5,71,144,37.0,1,0,0,0,1,0,0,0,1,0,0,0,0,0,0,0,jr,PhD
639,3.4,"DESC
3.4",WA,Small,Non-Profit,44.5,32,57,42.0,0,0,1,1,1,0,0,0,0,0,0,0,0,0,0,0,jr,Master
640,3.3,"Johns Hopkins Health Care
3.3",MD,Medium,Health Care,107.5,79,136,132.0,0,0,0,0,1,0,0,0,0,0,0,0,0,0,0,0,jr,PhD
642,3.7,"Community Behavioral Health
3.7",PA,Medium,Health Care,69.5,50,89,27.0,0,0,0,1,1,0,0,0,0,0,0,1,1,0,0,0,jr,Master
643,3.5,"Western Digital
3.5",CA,Large,Information Technology,98.5,68,129,51.0,1,1,1,0,1,0,0,0,0,0,1,0,0,0,0,0,sr,Master
644,2.7,"Advanced BioScience Laboratories
2.7",MD,Small,Biotech & Pharmaceuticals,80.5,48,113,60.0,0,0,0,1,0,0,0,0,0,0,0,0,0,0,0,0,sr,Master
645,3.8,"FORMA THERAPEUTICS
3.8",MA,Small,Biotech & Pharmaceuticals,76.5,56,97,13.0,0,0,0,1,0,0,0,0,0,0,0,0,0,0,0,0,jr,Master
646,3.7,"Raytheon
3.7",MD,Large,Aerospace & Defense,99.0,74,124,99.0,1,0,0,0,1,0,0,0,0,0,0,0,0,0,0,0,sr,Master
647,3.8,"Agios Pharmaceuticals
3.8",MA,Medium,Biotech & Pharmaceuticals,96.5,68,125,13.0,0,0,0,1,0,0,0,0,0,0,0,0,0,0,0,0,sr,Master
648,3.3,"Liberty Mutual Insurance
3.3",MA,Large,Insurance,53.0,39,67,109.0,0,0,0,0,0,0,0,0,0,0,0,0,0,0,0,0,jr,Master
649,2.7,"Bridg
2.7",CA,Small,Information Technology,103.0,71,135,10.0,0,1,1,0,0,0,0,0,0,0,1,0,0,1,0,0,jr,PhD
650,3.8,"Bill.com
3.8",CA,Medium,Finance,139.5,107,172,15.0,0,0,0,0,1,1,0,0,0,0,0,0,0,0,0,0,sr,PhD
651,3.8,"Pacific Northwest National Laboratory
3.8",WA,Medium,"Oil, Gas, Energy & Utilities",67.0,49,85,56.0,0,0,0,0,0,0,0,1,0,1,0,0,0,0,0,0,jr,Master
652,3.0,"Infosys
3.0",CT,Large,Information Technology,62.5,54,71,40.0,0,0,0,1,0,0,0,0,0,0,0,0,0,0,0,0,jr,Master
653,3.9,"AstraZeneca
3.9",MD,Large,Biotech & Pharmaceuticals,92.0,61,123,108.0,0,0,0,0,0,0,0,0,0,0,0,0,0,0,0,0,sr,Master
654,3.6,"AXION Healthcare Solutions
3.6",NY,Small,Health Care,66.0,47,85,41.0,0,0,0,1,0,0,0,0,0,0,0,0,0,0,0,0,jr,Master
655,3.5,"Alignment Healthcare
3.5",CA,Medium,Health Care,94.5,65,124,8.0,1,1,1,1,1,0,0,0,0,0,1,0,0,0,0,0,sr,Master
656,3.6,"TRANZACT
3.6",NJ,Medium,Business Services,114.0,87,141,32.0,1,0,1,1,1,0,0,0,0,0,1,1,1,0,0,0,jr,PhD
657,4.2,"ExecOnline
4.2",NY,Small,Education,75.5,56,95,9.0,1,0,1,0,1,0,0,0,0,0,1,1,0,0,0,0,jr,Master
658,3.5,"Charter Spectrum
3.5",MO,Small,Education,96.0,71,121,29.0,0,0,0,1,1,0,0,0,0,0,1,0,0,0,0,0,sr,Master
659,4.0,"Mteq
4.0",VA,Medium,Aerospace & Defense,87.0,62,112,67.0,1,0,0,0,0,0,0,0,0,0,0,0,0,0,0,0,sr,Master
660,3.7,"Brillient
3.7",MD,Small,Information Technology,86.0,64,108,15.0,1,0,0,1,0,1,0,0,0,0,0,0,0,0,0,0,sr,Master
661,4.4,"Entefy
4.4",CA,Small,Information Technology,116.5,89,144,9.0,1,0,0,0,1,0,0,0,0,0,0,0,0,0,0,0,jr,PhD
662,3.5,"Sunovion
3.5",MA,Large,Biotech & Pharmaceuticals,154.5,109,200,11.0,1,0,0,1,0,0,0,0,0,0,0,0,0,0,0,0,sr,PhD
663,3.6,"San Manuel Casino
3.6",CA,Medium,"Arts, Entertainment & Recreation",48.5,35,62,35.0,0,0,0,1,1,1,0,0,0,0,0,1,0,0,0,1,jr,Master
664,3.7,"Cboe Global Markets
3.7",KS,Medium,Finance,87.0,61,113,48.0,1,0,0,1,1,0,0,0,0,0,1,0,0,0,0,0,sr,Master
665,3.4,"Trace3
3.4",TX,Large,Information Technology,80.0,55,105,19.0,1,1,0,1,1,0,0,0,0,0,1,0,0,0,0,0,jr,Master
666,4.0,"Texas Health Huguley Hospital
4.0",TX,Medium,Health Care,44.5,37,52,44.0,0,0,1,0,0,0,0,0,0,0,0,0,0,0,0,0,jr,Master
667,3.7,"Northrop Grumman
3.7",CA,Large,Aerospace & Defense,173.0,135,211,82.0,1,0,0,0,0,0,0,0,0,0,0,0,0,0,0,0,sr,PhD
668,2.4,"Teasdale Latin Foods
2.4",IL,Medium,Manufacturing,52.5,39,66,29.0,0,0,0,0,0,0,0,0,0,0,0,0,0,0,0,0,jr,Master
669,3.5,"Saama Technologies Inc
3.5",AZ,Medium,Biotech & Pharmaceuticals,68.5,57,80,24.0,1,1,0,0,0,0,0,0,0,0,0,0,0,0,0,0,jr,Master
670,3.9,"AstraZeneca
3.9",MD,Large,Biotech & Pharmaceuticals,95.0,63,127,108.0,0,0,0,0,0,0,0,0,0,0,0,0,0,0,0,0,sr,Master
671,3.2,"MITRE
3.2",MA,Large,Government,69.5,50,89,63.0,1,0,0,1,1,1,0,0,0,0,0,1,0,0,1,0,jr,Master
672,4.4,"The David J. Joseph Company
4.4",OH,Small,Mining & Metals,107.0,82,132,136.0,1,0,1,0,1,0,0,0,0,0,0,1,1,0,0,0,jr,PhD
673,3.9,"The Buffalo Group
3.9",VA,Medium,Information Technology,112.0,85,139,11.0,1,1,0,0,1,0,0,0,0,0,1,0,0,0,0,0,jr,PhD
674,3.4,"CompQsoft
3.4",DC,Small,Business Services,96.5,72,121,24.0,1,0,0,0,0,0,0,0,0,1,0,0,0,0,0,0,sr,Master
675,2.1,"Cerus Corporation
2.1",CA,Small,Biotech & Pharmaceuticals,111.5,74,149,29.0,0,0,0,1,0,0,0,0,0,0,0,0,0,0,0,0,jr,PhD
676,3.7,"Takeda Pharmaceuticals
3.7",MA,Large,Biotech & Pharmaceuticals,154.5,113,196,240.0,0,1,1,1,1,0,0,0,0,0,1,0,0,0,1,0,sr,PhD
677,3.4,"Remedy BPCI Partners, LLC.
3.4",NY,Small,Health Care,95.0,69,121,10.0,1,1,1,0,1,0,0,0,0,0,0,1,0,0,0,0,sr,Master
678,4.0,"Strategic Financial Solutions
4.0",NY,Medium,Consumer Services,97.5,71,124,14.0,1,0,0,1,1,0,0,0,0,0,0,0,0,0,0,0,sr,Master
679,4.4,"Maven Wave Partners
4.4",IL,Medium,Business Services,128.5,97,160,13.0,1,0,1,1,1,0,0,0,0,0,1,1,0,0,0,0,sr,PhD
680,2.6,"Software Engineering Institute
2.6",PA,Medium,Education,124.0,81,167,37.0,0,0,0,0,0,0,0,0,0,0,0,0,0,0,0,0,sr,PhD
681,3.2,"The Climate Corporation
3.2",CA,Medium,Information Technology,194.0,150,238,15.0,0,0,1,1,0,0,0,0,0,0,0,0,0,0,0,0,sr,PhD
682,3.7,"Vail Health
3.7",CO,Medium,Health Care,65.0,49,81,55.0,0,0,0,0,0,0,0,0,0,0,0,0,0,0,0,0,jr,Master
683,4.2,"The Church of Jesus Christ of Latter-day Saints
4.2",UT,Large,Non-Profit,50.0,35,65,29.0,0,0,1,1,1,0,0,0,0,0,0,0,0,0,0,0,jr,Master
684,3.5,"Crossix Solutions
3.5",NY,Small,Business Services,104.5,77,132,16.0,1,1,1,1,1,0,0,0,0,0,0,0,0,0,0,0,jr,PhD
685,4.3,"Solugenix Corporation
4.3",AZ,Medium,Information Technology,69.5,51,88,52.0,1,0,0,1,1,1,0,0,1,0,0,0,0,0,0,0,jr,Master
686,2.6,"West Coast University
2.6",CA,Large,Education,121.0,101,141,24.0,1,0,0,0,1,1,0,0,0,0,0,1,1,0,0,0,sr,PhD
687,4.2,"Clarity Insights
4.2",NC,Small,Information Technology,85.5,59,112,13.0,1,0,0,1,1,0,0,0,0,0,1,0,0,0,0,0,sr,Master
688,3.1,"NCSOFT
3.1",CA,Large,Media,113.0,79,147,24.0,1,1,1,1,1,0,0,0,0,0,0,0,0,0,1,0,jr,PhD
689,3.8,"SoftBank Robotics
3.8",CA,Small,Manufacturing,103.0,79,127,16.0,1,0,1,0,1,0,0,0,0,0,0,1,1,0,0,0,jr,PhD
690,3.9,"GSK
3.9",MA,Large,Biotech & Pharmaceuticals,90.5,62,119,191.0,0,0,1,0,0,0,0,0,0,0,0,0,0,0,0,0,sr,Master
691,4.3,"Factual
4.3",CA,Small,Information Technology,153.0,119,187,13.0,1,1,0,1,0,0,0,0,0,0,0,0,0,0,0,0,sr,PhD
692,3.2,"MITRE
3.2",VA,Large,Government,106.5,81,132,63.0,1,1,0,1,1,1,0,0,0,0,1,1,0,0,0,0,jr,PhD
693,5.0,"SkySync
5.0",MI,Small,Information Technology,130.0,120,140,10.0,0,0,0,1,0,0,0,0,0,0,0,0,0,0,0,0,sr,PhD
694,3.3,"TriNet
3.3",CA,Large,Business Services,123.5,90,157,33.0,0,0,0,1,1,1,0,0,0,0,0,1,0,0,1,0,sr,PhD
695,4.3,"Medidata Solutions
4.3",NY,Medium,Information Technology,86.5,63,110,22.0,0,0,1,1,1,0,0,0,0,0,0,0,0,0,0,0,sr,Master
696,3.5,"Central California Alliance for Health
3.5",CA,Medium,Health Care,64.0,42,86,25.0,0,0,0,0,1,0,0,0,0,0,0,1,0,0,0,0,jr,Master
697,3.9,"Signpost
3.9",NY,Small,Information Technology,47.0,32,62,11.0,0,1,0,0,1,0,0,0,0,0,0,0,0,0,0,0,jr,Master
698,4.0,"Adobe
4.0",CA,Large,Information Technology,162.0,116,208,39.0,1,0,0,1,1,0,0,0,0,0,1,1,1,0,0,0,sr,PhD
699,3.9,"AstraZeneca
3.9",MD,Large,Biotech & Pharmaceuticals,140.0,107,173,108.0,1,0,0,1,0,0,0,0,0,0,0,0,0,0,0,0,sr,PhD
700,3.4,"DatamanUSA, LLC
3.4",WA,Small,Information Technology,89.0,65,113,29.0,0,0,0,0,0,0,0,0,0,0,0,0,0,0,0,0,sr,Master
701,3.0,"Pilot Flying J Travel Centers LLC
3.0",TN,Large,Retail,98.0,69,127,63.0,1,0,0,0,1,0,0,0,0,0,0,0,0,0,0,0,sr,Master
702,3.9,"AstraZeneca
3.9",NY,Large,Biotech & Pharmaceuticals,137.0,102,172,108.0,1,0,0,0,0,0,0,0,0,0,0,0,0,0,0,0,sr,PhD
703,4.0,"Pinnacol Assurance
4.0",CO,Medium,Insurance,99.0,74,124,106.0,1,0,1,0,1,0,0,0,0,0,0,0,0,0,0,0,sr,Master
704,3.3,"Palermo's Pizza
3.3",WI,Medium,Manufacturing,54.0,40,68,57.0,0,0,0,0,0,0,0,0,0,0,0,0,0,0,0,0,jr,Master
705,3.2,"Equian LLC
3.2",TN,Medium,Health Care,109.0,76,142,17.0,0,0,1,1,0,0,0,0,0,0,1,0,0,0,0,0,jr,PhD
706,3.4,"MetroStar Systems
3.4",MD,Small,Information Technology,109.0,76,142,22.0,0,0,1,0,0,0,0,0,0,0,0,0,0,0,0,0,jr,PhD
707,4.4,"MathWorks
4.4",MA,Large,Information Technology,139.5,108,171,37.0,1,0,0,0,1,0,0,0,0,0,0,1,1,0,0,0,sr,PhD
708,3.3,"Liberty Mutual Insurance
3.3",IL,Large,Insurance,254.0,202,306,109.0,1,0,0,0,0,1,0,0,0,0,0,0,0,0,0,0,sr,PhD
709,3.2,"Information Builders
3.2",NY,Medium,Information Technology,125.0,91,159,46.0,1,0,1,1,1,0,0,1,0,1,0,0,0,0,0,0,sr,PhD
710,3.8,"Novartis
3.8",MA,Large,Biotech & Pharmaceuticals,106.5,80,133,25.0,1,0,0,0,1,1,0,0,0,0,0,1,1,0,0,0,jr,PhD
711,3.6,"Beebe Healthcare
3.6",DE,Medium,Health Care,56.5,43,70,86.0,0,0,0,0,0,0,0,0,0,0,0,0,0,0,0,0,jr,Master
712,2.9,"Audentes Therapeutics
2.9",CA,Small,Biotech & Pharmaceuticals,73.0,49,97,9.0,0,0,0,0,0,0,0,0,0,0,0,0,0,0,0,0,jr,Master
713,2.7,"Advanced BioScience Laboratories
2.7",MD,Small,Biotech & Pharmaceuticals,81.0,49,113,60.0,0,0,0,1,0,0,0,0,0,0,0,0,0,0,0,0,sr,Master
714,3.2,"Numeric, LLC
3.2",PA,Small,Business Services,128.5,96,161,29.0,1,1,1,0,1,0,0,0,0,0,1,0,0,0,0,0,sr,PhD
715,3.1,"Reynolds American
3.1",NC,Large,Manufacturing,99.5,65,134,146.0,0,0,0,1,0,0,0,0,0,0,0,0,0,0,0,0,sr,Master
716,4.0,"23andMe
4.0",CA,Medium,Biotech & Pharmaceuticals,92.0,59,125,15.0,0,0,1,1,0,0,0,0,0,0,0,0,0,0,0,0,sr,Master
717,3.3,"National Interstate
3.3",OH,Medium,Insurance,45.5,32,59,32.0,0,0,0,0,0,0,0,0,0,0,0,0,0,0,0,0,jr,Master
718,4.5,"Moser Consulting
4.5",IN,Small,Business Services,122.5,87,158,25.0,1,1,1,0,1,0,0,0,0,0,1,0,0,0,1,0,sr,PhD
719,3.0,"Greenway Health
3.0",FL,Medium,Information Technology,37.5,27,48,44.0,0,0,0,1,1,0,0,0,0,0,0,0,0,0,0,0,jr,Master
720,3.7,"The Hanover Insurance Group
3.7",MA,Large,Insurance,54.0,39,69,169.0,0,0,0,0,1,0,0,0,0,0,0,0,0,0,0,0,jr,Master
721,3.8,"Fareportal
3.8",NY,Large,Travel & Tourism,53.5,36,71,19.0,1,0,0,1,1,0,0,0,0,0,0,0,1,0,0,1,jr,Master
722,3.9,"TransUnion
3.9",IL,Large,Finance,140.0,107,173,53.0,1,0,0,1,1,1,0,0,0,0,0,0,0,0,0,0,sr,PhD
723,3.2,"MITRE
3.2",VA,Large,Government,77.5,56,99,63.0,0,0,0,0,0,0,0,0,0,0,0,0,0,0,0,0,jr,Master
724,3.3,"Mcphail Associates
3.3",MA,Small,"Construction, Repair & Maintenance",55.0,52,58,45.0,0,0,0,1,0,0,0,0,0,0,0,0,0,0,0,0,jr,Master
725,3.1,"Reynolds American
3.1",NC,Large,Manufacturing,117.5,80,155,146.0,0,0,0,1,0,0,0,0,0,0,0,0,0,0,0,0,jr,PhD
726,2.4,"Crown Bioscience
2.4",CA,Medium,Biotech & Pharmaceuticals,70.5,43,98,15.0,0,0,0,0,0,0,0,0,0,0,0,0,0,0,0,0,jr,Master
727,4.8,"HOVER
4.8",CA,Small,Information Technology,61.5,45,78,10.0,0,0,0,1,1,0,0,0,0,0,0,1,0,0,0,0,jr,Master
728,2.9,"Q2 Solutions
2.9",GA,Medium,Biotech & Pharmaceuticals,80.0,50,110,6.0,0,0,0,1,0,0,0,0,0,0,0,0,0,0,0,0,jr,Master
729,2.9,"Q2 Solutions
2.9",NY,Medium,Biotech & Pharmaceuticals,70.0,44,96,6.0,0,0,0,1,0,0,0,0,0,0,0,0,0,0,0,0,jr,Master
731,3.4,"Arbella Insurance
3.4",MA,Medium,Insurance,90.0,61,119,33.0,0,1,0,1,1,0,0,0,0,0,1,0,0,0,0,0,sr,Master
732,4.1,"CK-12 Foundation
4.1",CA,Small,Education,111.0,80,142,14.0,1,0,1,1,0,0,0,1,0,1,0,0,0,0,0,0,jr,PhD
733,3.9,"Life360
3.9",CA,Small,Information Technology,138.5,99,178,13.0,1,0,0,0,1,0,0,0,0,0,0,1,0,0,0,0,sr,PhD
734,3.6,"MassMutual
3.6",MA,Large,Insurance,68.5,37,100,170.0,0,0,0,1,0,0,0,0,0,0,0,0,0,0,0,0,jr,Master
735,3.9,"Fivestars
3.9",CA,Medium,Information Technology,87.5,62,113,10.0,1,0,1,1,1,0,0,0,0,0,0,0,0,0,0,0,sr,Master
736,3.6,"IQVIA
3.6",PA,Large,Biotech & Pharmaceuticals,111.5,86,137,4.0,0,0,0,0,0,0,0,0,0,0,0,0,0,0,0,0,jr,PhD
737,3.9,"GSK
3.9",MA,Large,Biotech & Pharmaceuticals,84.5,58,111,191.0,0,0,1,0,0,0,0,0,0,0,0,0,0,0,0,0,sr,Master
738,4.4,"Eventbrite
4.4",TN,Medium,Information Technology,102.5,72,133,15.0,1,1,1,0,1,0,0,0,0,0,1,0,0,0,0,0,jr,PhD
739,2.6,"Software Engineering Institute
2.6",PA,Medium,Education,73.5,56,91,37.0,0,0,0,1,0,0,0,0,0,0,0,0,0,0,0,0,jr,Master
740,3.2,"Numeric, LLC
3.2",PA,Small,Business Services,127.5,95,160,29.0,0,0,0,1,0,0,0,0,0,0,0,0,0,0,0,0,sr,PhD
741,3.6,"Riverside Research Institute
3.6",OH,Medium,Government,93.5,61,126,54.0,1,0,0,0,0,0,0,0,0,0,0,0,0,0,0,0,sr,Master
